{
	"credit": "Made with Blockbench",
	"textures": {
		"0": "beacon/global/item/cosmetic/shoulder_pet/diplodocus/diplodocus",
		"1": "beacon/global/item/cosmetic/shoulder_pet/diplodocus/spikes",
		"particle": "beacon/global/item/cosmetic/shoulder_pet/diplodocus/diplodocus"
	},
	"elements": [
		{
			"name": "body",
			"from": [6.5, 4.9, 5.28906],
			"to": [9.5, 7.9, 10.28906],
			"rotation": {"angle": 0, "axis": "y", "origin": [0, 3.9, 0.28906]},
			"faces": {
				"north": {"uv": [0, 6, 3, 9], "texture": "#0", "tintindex": 0},
				"east": {"uv": [0, 0, 5, 3], "texture": "#0", "tintindex": 0},
				"south": {"uv": [8, 0, 11, 3], "texture": "#0", "tintindex": 0},
				"west": {"uv": [0, 3, 5, 6], "texture": "#0", "tintindex": 0},
				"up": {"uv": [8, 5, 5, 0], "texture": "#0", "tintindex": 0},
				"down": {"uv": [8, 5, 5, 10], "texture": "#0", "tintindex": 0}
			}
		},
		{
			"name": "head",
			"from": [7, 9.9, 3.28906],
			"to": [9, 11.9, 5.28906],
			"rotation": {"angle": 0, "axis": "y", "origin": [0, 3.9, 0.28906]},
			"faces": {
				"north": {"uv": [10, 3, 12, 5], "texture": "#0", "tintindex": 0},
				"east": {"uv": [4, 10, 6, 12], "texture": "#0", "tintindex": 0},
				"south": {"uv": [6, 10, 8, 12], "texture": "#0", "tintindex": 0},
				"west": {"uv": [8, 10, 10, 12], "texture": "#0", "tintindex": 0},
				"up": {"uv": [12, 12, 10, 10], "texture": "#0", "tintindex": 0},
				"down": {"uv": [13, 0, 11, 2], "texture": "#0", "tintindex": 0}
			}
		},
		{
			"name": "nose",
			"from": [7, 9.9, 2.28906],
			"to": [9, 10.9, 3.28906],
			"rotation": {"angle": 0, "axis": "y", "origin": [0, 3.9, 0.28906]},
			"faces": {
				"north": {"uv": [5, 12, 7, 13], "texture": "#0", "tintindex": 0},
				"east": {"uv": [4, 9, 5, 10], "texture": "#0", "tintindex": 0},
				"south": {"uv": [7, 12, 9, 13], "texture": "#0", "tintindex": 0},
				"west": {"uv": [10, 5, 11, 6], "texture": "#0", "tintindex": 0},
				"up": {"uv": [11, 13, 9, 12], "texture": "#0", "tintindex": 0},
				"down": {"uv": [14, 10, 12, 11], "texture": "#0", "tintindex": 0}
			}
		},
		{
			"name": "neck",
			"from": [7.25, 6.65, 3.73906],
			"to": [8.75, 9.9, 5.13906],
			"rotation": {"angle": 0, "axis": "x", "origin": [8, 8.4, 4.28906]},
			"faces": {
				"north": {"uv": [3, 6, 5, 9], "texture": "#0", "tintindex": 0},
				"east": {"uv": [0, 12, 1, 15], "texture": "#0", "tintindex": 0},
				"south": {"uv": [8, 3, 10, 6], "texture": "#0", "tintindex": 0},
				"west": {"uv": [1, 12, 2, 15], "texture": "#0", "tintindex": 0},
				"up": {"uv": [13, 10, 11, 9], "texture": "#0", "tintindex": 0},
				"down": {"uv": [5, 12, 3, 13], "texture": "#0", "tintindex": 0}
			}
		},
		{
			"from": [7, 6, 3.28906],
			"to": [9, 8, 5.78906],
			"rotation": {"angle": 45, "axis": "x", "origin": [8, 5.9, 4.28906]},
			"faces": {
				"north": {"uv": [11, 5, 13, 7], "texture": "#0", "tintindex": 0},
				"east": {"uv": [8, 6, 11, 8], "texture": "#0", "tintindex": 0},
				"south": {"uv": [11, 7, 13, 9], "texture": "#0", "tintindex": 0},
				"west": {"uv": [8, 8, 11, 10], "texture": "#0", "tintindex": 0},
				"up": {"uv": [2, 12, 0, 9], "texture": "#0", "tintindex": 0},
				"down": {"uv": [4, 9, 2, 12], "texture": "#0", "tintindex": 0}
			}
		},
		{
			"name": "upper",
			"from": [7.5, 4.35, 10.63906],
			"to": [8.5, 7.6, 10.63906],
			"rotation": {"angle": -22.5, "axis": "x", "origin": [8, 6.4, 10.78906]},
			"faces": {
				"north": {"uv": [2, 12, 3, 15], "texture": "#0", "tintindex": 0},
				"east": {"uv": [0, 0, 0, 3], "texture": "#0", "tintindex": 0},
				"south": {"uv": [12, 2, 13, 5], "texture": "#0", "tintindex": 0},
				"west": {"uv": [0, 0, 0, 3], "texture": "#0", "tintindex": 0},
				"up": {"uv": [1, 0, 0, 0], "texture": "#0", "tintindex": 0},
				"down": {"uv": [1, 0, 0, 0], "texture": "#0", "tintindex": 0}
			}
		},
		{
			"from": [6.25, 3.9, 5.78906],
			"to": [7.25, 5.9, 6.78906],
			"rotation": {"angle": 0, "axis": "y", "origin": [0, 3.9, 0.28906]},
			"faces": {
				"north": {"uv": [11, 12, 12, 14], "texture": "#0", "tintindex": 0},
				"east": {"uv": [12, 11, 13, 13], "texture": "#0", "tintindex": 0},
				"south": {"uv": [13, 0, 14, 2], "texture": "#0", "tintindex": 0},
				"west": {"uv": [13, 2, 14, 4], "texture": "#0", "tintindex": 0},
				"up": {"uv": [12, 3, 11, 2], "texture": "#0", "tintindex": 0},
				"down": {"uv": [13, 13, 12, 14], "texture": "#0", "tintindex": 0}
			}
		},
		{
			"from": [6.25, 3.9, 8.78906],
			"to": [7.25, 5.9, 9.78906],
			"rotation": {"angle": 0, "axis": "y", "origin": [0, 3.9, 0.28906]},
			"faces": {
				"north": {"uv": [3, 13, 4, 15], "texture": "#0", "tintindex": 0},
				"east": {"uv": [4, 13, 5, 15], "texture": "#0", "tintindex": 0},
				"south": {"uv": [13, 4, 14, 6], "texture": "#0", "tintindex": 0},
				"west": {"uv": [5, 13, 6, 15], "texture": "#0", "tintindex": 0},
				"up": {"uv": [14, 14, 13, 13], "texture": "#0", "tintindex": 0},
				"down": {"uv": [15, 0, 14, 1], "texture": "#0", "tintindex": 0}
			}
		},
		{
			"from": [8.75, 3.9, 8.78906],
			"to": [9.75, 5.9, 9.78906],
			"rotation": {"angle": 0, "axis": "y", "origin": [0, 3.9, 0.28906]},
			"faces": {
				"north": {"uv": [6, 13, 7, 15], "texture": "#0", "tintindex": 0},
				"east": {"uv": [13, 6, 14, 8], "texture": "#0", "tintindex": 0},
				"south": {"uv": [7, 13, 8, 15], "texture": "#0", "tintindex": 0},
				"west": {"uv": [8, 13, 9, 15], "texture": "#0", "tintindex": 0},
				"up": {"uv": [15, 2, 14, 1], "texture": "#0", "tintindex": 0},
				"down": {"uv": [15, 2, 14, 3], "texture": "#0", "tintindex": 0}
			}
		},
		{
			"from": [8.75, 3.9, 5.78906],
			"to": [9.75, 5.9, 6.78906],
			"rotation": {"angle": 0, "axis": "y", "origin": [0, 3.9, 0.28906]},
			"faces": {
				"north": {"uv": [13, 8, 14, 10], "texture": "#0", "tintindex": 0},
				"east": {"uv": [9, 13, 10, 15], "texture": "#0", "tintindex": 0},
				"south": {"uv": [10, 13, 11, 15], "texture": "#0", "tintindex": 0},
				"west": {"uv": [13, 11, 14, 13], "texture": "#0", "tintindex": 0},
				"up": {"uv": [15, 4, 14, 3], "texture": "#0", "tintindex": 0},
				"down": {"uv": [15, 4, 14, 5], "texture": "#0", "tintindex": 0}
			}
		},
		{
			"name": "body",
			"from": [8, 7.9, 5.28906],
			"to": [8, 8.9, 10.28906],
			"rotation": {"angle": 0, "axis": "y", "origin": [0, 3.9, 0.28906]},
			"faces": {
				"north": {"uv": [0, 0, 0, 1], "texture": "#1"},
				"east": {"uv": [0, 3, 5, 4], "texture": "#1", "tintindex": 0},
				"south": {"uv": [0, 0, 0, 1], "texture": "#1"},
				"west": {"uv": [0, 4, 5, 5], "texture": "#1", "tintindex": 0},
				"up": {"uv": [0, 5, 0, 0], "texture": "#1", "tintindex": 0},
				"down": {"uv": [0, 0, 0, 5], "texture": "#1"}
			}
		},
		{
			"name": "head",
			"from": [8, 9.9, 4.28906],
			"to": [8, 12.9, 6.28906],
			"rotation": {"angle": 0, "axis": "y", "origin": [0, 3.9, 0.28906]},
			"faces": {
				"north": {"uv": [0, 0, 0, 3], "texture": "#1"},
				"east": {"uv": [0, 0, 2, 3], "texture": "#1", "tintindex": 0},
				"south": {"uv": [0, 0, 0, 3], "texture": "#1"},
				"west": {"uv": [2, 0, 4, 3], "texture": "#1", "tintindex": 0},
				"up": {"uv": [0, 2, 0, 0], "texture": "#1", "tintindex": 0},
				"down": {"uv": [0, 0, 0, 2], "texture": "#1"}
			}
		}
	],
	"display": {
		"thirdperson_righthand": {
			"rotation": [90, 0, 0],
			"translation": [0, -2.5, 14.5],
			"scale": [0.75, 0.75, 0.75]
		},
		"thirdperson_lefthand": {
			"rotation": [90, 0, 0],
			"translation": [0, -2.5, 14.5],
			"scale": [0.75, 0.75, 0.75]
		},
		"firstperson_righthand": {
			"rotation": [0, 122, 0],
			"translation": [0.25, 4.25, 0]
		},
		"firstperson_lefthand": {
			"rotation": [0, 122, 0],
			"translation": [0.25, 4.25, 0]
		},
		"ground": {
			"translation": [0, 1.75, 0]
		},
		"gui": {
			"rotation": [18, 130, 0],
			"translation": [1.25, 0.25, 0],
			"scale": [1.5, 1.5, 1.5]
		},
		"head": {
			"translation": [0, 12.5, 0],
			"scale": [1.5, 1.5, 1.5]
		},
		"fixed": {
			"rotation": [-90, 0, 0],
			"translation": [0, 0, -8],
			"scale": [2, 2, 2]
		}
	},
	"groups": [
		0,
		{
			"name": "head",
			"origin": [0, 0, 0],
			"color": 0,
			"children": [1, 2]
		},
		{
			"name": "neck",
			"origin": [8, 4.5, 4],
			"color": 0,
			"children": [3, 4]
		},
		{
			"name": "tail",
			"origin": [8, 8, 8],
			"color": 0,
			"children": [5]
		},
		{
			"name": "legs",
			"origin": [8, 8, 8],
			"color": 0,
			"children": [6, 7, 8, 9]
		},
		{
			"name": "spikes",
			"origin": [8, 8, 8],
			"color": 0,
			"children": [10, 11]
		}
	]
}