{
	"credit": "Made with Blockbench",
	"texture_size": [32, 32],
	"textures": {
		"0": "beacon/global/item/cosmetic/shoulder_pet/sniffer",
		"particle": "beacon/global/item/cosmetic/shoulder_pet/sniffer"
	},
	"elements": [
		{
			"from": [6.5, 6.8125, 3.25],
			"to": [9.5, 9.8125, 6.25],
			"rotation": {"angle": 0, "axis": "y", "origin": [0.25, 6.0625, 0.25]},
			"faces": {
				"north": {"uv": [5.5, 2.5, 7, 4], "texture": "#0"},
				"east": {"uv": [5.5, 4, 7, 5.5], "texture": "#0"},
				"south": {"uv": [5.5, 5.5, 7, 7], "texture": "#0"},
				"west": {"uv": [2.5, 6, 4, 7.5], "texture": "#0"},
				"up": {"uv": [5.5, 7.5, 4, 6], "texture": "#0"},
				"down": {"uv": [8.5, 2.5, 7, 4], "texture": "#0"}
			}
		},
		{
			"from": [6.25, 6.3125, 5.25],
			"to": [6.5, 9.8125, 6.25],
			"rotation": {"angle": 0, "axis": "z", "origin": [6.5, 10.0625, 5.75]},
			"faces": {
				"north": {"uv": [7, 4, 7.5, 6], "texture": "#0"},
				"east": {"uv": [5.5, 7, 6, 9], "texture": "#0"},
				"south": {"uv": [6, 7, 6.5, 9], "texture": "#0"},
				"west": {"uv": [7, 6, 7.5, 8], "texture": "#0"},
				"up": {"uv": [3, 5.5, 2.5, 5], "texture": "#0"},
				"down": {"uv": [3, 5.5, 2.5, 6], "texture": "#0"}
			}
		},
		{
			"from": [9.5, 6.3125, 5.25],
			"to": [9.75, 9.8125, 6.25],
			"rotation": {"angle": 0, "axis": "z", "origin": [9.5, 9.8125, 5.75]},
			"faces": {
				"north": {"uv": [6.5, 7, 7, 9], "texture": "#0"},
				"east": {"uv": [0, 7.5, 0.5, 9.5], "texture": "#0"},
				"south": {"uv": [0.5, 7.5, 1, 9.5], "texture": "#0"},
				"west": {"uv": [1, 7.5, 1.5, 9.5], "texture": "#0"},
				"up": {"uv": [2, 8, 1.5, 7.5], "texture": "#0"},
				"down": {"uv": [2.5, 7.5, 2, 8], "texture": "#0"}
			}
		},
		{
			"from": [5.75, 6.8125, 6.25],
			"to": [10.25, 12.0625, 12.25],
			"rotation": {"angle": 0, "axis": "y", "origin": [0.25, 6.0625, 0.25]},
			"faces": {
				"north": {"uv": [0, 5, 2.5, 7.5], "texture": "#0"},
				"east": {"uv": [0, 0, 3, 2.5], "texture": "#0"},
				"south": {"uv": [5.5, 0, 8, 2.5], "texture": "#0"},
				"west": {"uv": [0, 2.5, 3, 5], "texture": "#0"},
				"up": {"uv": [5.5, 3, 3, 0], "texture": "#0"},
				"down": {"uv": [5.5, 3, 3, 6], "texture": "#0"}
			}
		},
		{
			"from": [6.25, 6.0625, 6.75],
			"to": [7.25, 7.0625, 7.75],
			"rotation": {"angle": 0, "axis": "y", "origin": [0.25, 6.0625, 0.25]},
			"faces": {
				"north": {"uv": [2.5, 7.5, 3, 8], "texture": "#0"},
				"east": {"uv": [3, 7.5, 3.5, 8], "texture": "#0"},
				"south": {"uv": [3.5, 7.5, 4, 8], "texture": "#0"},
				"west": {"uv": [4, 7.5, 4.5, 8], "texture": "#0"},
				"up": {"uv": [8, 4.5, 7.5, 4], "texture": "#0"},
				"down": {"uv": [5, 7.5, 4.5, 8], "texture": "#0"}
			}
		},
		{
			"from": [6.25, 6.0625, 8.75],
			"to": [7.25, 7.0625, 9.75],
			"rotation": {"angle": 0, "axis": "y", "origin": [0.25, 6.0625, 0.25]},
			"faces": {
				"north": {"uv": [7.5, 4.5, 8, 5], "texture": "#0"},
				"east": {"uv": [5, 7.5, 5.5, 8], "texture": "#0"},
				"south": {"uv": [7.5, 5, 8, 5.5], "texture": "#0"},
				"west": {"uv": [7.5, 5.5, 8, 6], "texture": "#0"},
				"up": {"uv": [8, 6.5, 7.5, 6], "texture": "#0"},
				"down": {"uv": [8, 6.5, 7.5, 7], "texture": "#0"}
			}
		},
		{
			"from": [6.25, 6.0625, 10.75],
			"to": [7.25, 7.0625, 11.75],
			"rotation": {"angle": 0, "axis": "y", "origin": [0.25, 6.0625, 0.25]},
			"faces": {
				"north": {"uv": [7.5, 7, 8, 7.5], "texture": "#0"},
				"east": {"uv": [7.5, 7.5, 8, 8], "texture": "#0"},
				"south": {"uv": [8, 0, 8.5, 0.5], "texture": "#0"},
				"west": {"uv": [8, 0.5, 8.5, 1], "texture": "#0"},
				"up": {"uv": [8.5, 1.5, 8, 1], "texture": "#0"},
				"down": {"uv": [2, 8, 1.5, 8.5], "texture": "#0"}
			}
		},
		{
			"from": [8.75, 6.0625, 10.75],
			"to": [9.75, 7.0625, 11.75],
			"rotation": {"angle": 0, "axis": "y", "origin": [0.25, 6.0625, 0.25]},
			"faces": {
				"north": {"uv": [8, 5.5, 8.5, 6], "texture": "#0"},
				"east": {"uv": [8, 6, 8.5, 6.5], "texture": "#0"},
				"south": {"uv": [8, 6.5, 8.5, 7], "texture": "#0"},
				"west": {"uv": [7, 8, 7.5, 8.5], "texture": "#0"},
				"up": {"uv": [8.5, 7.5, 8, 7], "texture": "#0"},
				"down": {"uv": [8, 8, 7.5, 8.5], "texture": "#0"}
			}
		},
		{
			"from": [8.75, 6.0625, 6.75],
			"to": [9.75, 7.0625, 7.75],
			"rotation": {"angle": 0, "axis": "y", "origin": [0.25, 6.0625, 0.25]},
			"faces": {
				"north": {"uv": [4, 8, 4.5, 8.5], "texture": "#0"},
				"east": {"uv": [8, 4, 8.5, 4.5], "texture": "#0"},
				"south": {"uv": [4.5, 8, 5, 8.5], "texture": "#0"},
				"west": {"uv": [8, 4.5, 8.5, 5], "texture": "#0"},
				"up": {"uv": [5.5, 8.5, 5, 8], "texture": "#0"},
				"down": {"uv": [8.5, 5, 8, 5.5], "texture": "#0"}
			}
		},
		{
			"from": [8.75, 6.0625, 8.75],
			"to": [9.75, 7.0625, 9.75],
			"rotation": {"angle": 0, "axis": "y", "origin": [0.25, 6.0625, 0.25]},
			"faces": {
				"north": {"uv": [8, 1.5, 8.5, 2], "texture": "#0"},
				"east": {"uv": [2, 8, 2.5, 8.5], "texture": "#0"},
				"south": {"uv": [8, 2, 8.5, 2.5], "texture": "#0"},
				"west": {"uv": [2.5, 8, 3, 8.5], "texture": "#0"},
				"up": {"uv": [3.5, 8.5, 3, 8], "texture": "#0"},
				"down": {"uv": [4, 8, 3.5, 8.5], "texture": "#0"}
			}
		}
	],
	"display": {
		"thirdperson_righthand": {
			"rotation": [90, 0, 0],
			"translation": [0, -1, 13],
			"scale": [0.8, 0.8, 0.8]
		},
		"thirdperson_lefthand": {
			"rotation": [90, 0, 0],
			"translation": [0, -1, 13],
			"scale": [0.8, 0.8, 0.8]
		},
		"firstperson_righthand": {
			"rotation": [0, 130, 0],
			"translation": [0, 3, 0]
		},
		"firstperson_lefthand": {
			"rotation": [0, 130, 0],
			"translation": [0, 3, 0]
		},
		"gui": {
			"rotation": [30, 130, 0],
			"translation": [-0.5, -1.25, 0]
		},
		"head": {
			"translation": [0, 8.25, 0]
		},
		"fixed": {
			"rotation": [-90, 0, 0],
			"translation": [0, 0, -2.75],
			"scale": [1.5, 1.5, 1.5]
		}
	},
	"groups": [
		{
			"name": "head",
			"origin": [0, 0, 0],
			"color": 0,
			"children": [
				0,
				{
					"name": "ears",
					"origin": [0, 0, 0],
					"color": 0,
					"children": [1, 2]
				}
			]
		},
		{
			"name": "body",
			"origin": [8, 8, 8],
			"color": 0,
			"children": [3]
		},
		{
			"name": "legs",
			"origin": [8, 8, 8],
			"color": 0,
			"children": [4, 5, 6, 7, 8, 9]
		}
	]
}