{
	"credit": "Made with Blockbench",
	"texture_size": [32, 32],
	"textures": {
		"2": "beacon/global/item/cosmetic/hat/bunny_ears/bunny_ears_brown_yellow"
	},
	"elements": [
		{
			"from": [11.5, 6, 8],
			"to": [14.5, 17, 9],
			"rotation": {"angle": -22.5, "axis": "z", "origin": [13, 12, 8.5]},
			"faces": {
				"north": {"uv": [0, 0, 1.5, 5.5], "texture": "#2"},
				"east": {"uv": [4.5, 0, 5, 5.5], "texture": "#2"},
				"south": {"uv": [1.5, 0, 3, 5.5], "texture": "#2"},
				"west": {"uv": [5, 0, 5.5, 5.5], "texture": "#2"},
				"up": {"uv": [6, 6, 4.5, 5.5], "texture": "#2"},
				"down": {"uv": [7, 4.5, 5.5, 5], "texture": "#2"}
			}
		},
		{
			"from": [1.5, 6, 8],
			"to": [4.5, 13, 9],
			"rotation": {"angle": 22.5, "axis": "z", "origin": [3, 12, 8.5]},
			"faces": {
				"north": {"uv": [3, 0, 4.5, 3.5], "texture": "#2"},
				"east": {"uv": [0, 5.5, 0.5, 9], "texture": "#2"},
				"south": {"uv": [3, 3.5, 4.5, 7], "texture": "#2"},
				"west": {"uv": [5.5, 0, 6, 3.5], "texture": "#2"},
				"up": {"uv": [7, 5.5, 5.5, 5], "texture": "#2"},
				"down": {"uv": [7.5, 0, 6, 0.5], "texture": "#2"}
			}
		},
		{
			"from": [1.5, 12, 6],
			"to": [4.5, 13, 8],
			"rotation": {"angle": 22.5, "axis": "z", "origin": [3, 12, 8.5]},
			"faces": {
				"north": {"uv": [6, 0.5, 7.5, 1], "texture": "#2"},
				"east": {"uv": [2, 5.5, 3, 6], "texture": "#2"},
				"south": {"uv": [6, 1, 7.5, 1.5], "texture": "#2"},
				"west": {"uv": [2, 6, 3, 6.5], "texture": "#2"},
				"up": {"uv": [2, 6.5, 0.5, 5.5], "texture": "#2"},
				"down": {"uv": [7, 3.5, 5.5, 4.5], "texture": "#2"}
			}
		},
		{
			"from": [1.88268, 11.07612, 6],
			"to": [4.88268, 12.07612, 7],
			"rotation": {"angle": 22.5, "axis": "z", "origin": [3.38268, 11.07612, 8.5]},
			"faces": {
				"north": {"uv": [6, 1.5, 7.5, 2], "texture": "#2"},
				"east": {"uv": [4.5, 6, 5, 6.5], "texture": "#2"},
				"south": {"uv": [6, 2, 7.5, 2.5], "texture": "#2"},
				"west": {"uv": [5, 6, 5.5, 6.5], "texture": "#2"},
				"up": {"uv": [7.5, 3, 6, 2.5], "texture": "#2"},
				"down": {"uv": [7.5, 3, 6, 3.5], "texture": "#2"}
			}
		}
	],
	"display": {
		"thirdperson_righthand": {
			"rotation": [75, 45, 0],
			"translation": [0, 2.5, 0],
			"scale": [0.375, 0.375, 0.375]
		},
		"thirdperson_lefthand": {
			"rotation": [75, 45, 0],
			"translation": [0, 2.5, 0],
			"scale": [0.375, 0.375, 0.375]
		},
		"firstperson_righthand": {
			"rotation": [0, 45, 0],
			"scale": [0.4, 0.4, 0.4]
		},
		"firstperson_lefthand": {
			"rotation": [0, 225, 0],
			"scale": [0.4, 0.4, 0.4]
		},
		"ground": {
			"translation": [0, 2, 0],
			"scale": [0.5, 0.5, 0.5]
		},
		"gui": {
			"rotation": [30, 225, 0],
			"translation": [0.25, -1.5, 0],
			"scale": [0.9, 0.9, 0.9]
		},
		"head": {
			"translation": [0, 6.5, 0],
			"scale": [1.6, 1.6, 1.6]
		},
		"fixed": {
			"scale": [0.5, 0.5, 0.5]
		}
	}
}