{
	"credit": "Made with Blockbench",
	"textures": {
		"0": "beacon/global/item/cosmetic/hat/bunny_ears/orange_yellow",
		"particle": "beacon/global/item/cosmetic/hat/bunny_ears/orange_yellow"
	},
	"elements": [
		{
			"name": "ear-inner-1",
			"from": [10.75, 6.02, 8.45856],
			"to": [12.5, 11.34, 8.45856],
			"rotation": {"angle": 22.5, "axis": "x", "origin": [12, 7.23883, 8.45856]},
			"faces": {
				"north": {"uv": [11, 0, 10, 2], "rotation": 270, "texture": "#0"},
				"east": {"uv": [6.25, 0, 4, 0], "rotation": 90, "texture": "#0"},
				"south": {"uv": [10, 2, 12, 0], "rotation": 180, "texture": "#0"},
				"west": {"uv": [6.25, 0, 4, 0], "rotation": 90, "texture": "#0"},
				"up": {"uv": [4, 0, 4, 2.5], "rotation": 90, "texture": "#0"},
				"down": {"uv": [4, 0, 4, 2.5], "rotation": 90, "texture": "#0"}
			}
		},
		{
			"name": "ear-inner-2",
			"from": [10.75, 10.22459, 8.08439],
			"to": [12.5, 13.97459, 8.08439],
			"rotation": {"angle": -45, "axis": "x", "origin": [11.625, 12.97459, 8.08439]},
			"faces": {
				"north": {"uv": [11, 0, 10, 2], "rotation": 270, "texture": "#0"},
				"east": {"uv": [6.25, 0, 4, 0], "rotation": 90, "texture": "#0"},
				"south": {"uv": [10, 2, 12, 0], "rotation": 180, "texture": "#0"},
				"west": {"uv": [6.25, 0, 4, 0], "rotation": 90, "texture": "#0"},
				"up": {"uv": [4, 0, 4, 2.5], "rotation": 90, "texture": "#0"},
				"down": {"uv": [4, 0, 4, 2.5], "rotation": 90, "texture": "#0"}
			}
		},
		{
			"name": "ear-inner-3",
			"from": [10.75, 13.6814, 5.87799],
			"to": [12.5, 13.6814, 7.37799],
			"rotation": {"angle": 0, "axis": "y", "origin": [11.625, 13.6814, 5.50299]},
			"faces": {
				"north": {"uv": [4, 0, 4, 2.5], "rotation": 270, "texture": "#0"},
				"east": {"uv": [6.25, 0, 4, 0], "rotation": 180, "texture": "#0"},
				"south": {"uv": [4, 0, 4, 2.5], "rotation": 90, "texture": "#0"},
				"west": {"uv": [6.25, 0, 4, 0], "texture": "#0"},
				"up": {"uv": [10, 2, 12, 0], "rotation": 180, "texture": "#0"},
				"down": {"uv": [11, 0, 10, 2], "rotation": 90, "texture": "#0"}
			}
		},
		{
			"name": "ear-inner-4",
			"from": [10.75, 12.35587, 4.67787],
			"to": [12.5, 12.35587, 6.42787],
			"rotation": {"angle": -45, "axis": "x", "origin": [11.625, 12.35587, 4.55287]},
			"faces": {
				"north": {"uv": [4, 0, 4, 2.5], "rotation": 270, "texture": "#0"},
				"east": {"uv": [6.25, 0, 4, 0], "rotation": 180, "texture": "#0"},
				"south": {"uv": [4, 0, 4, 2.5], "rotation": 90, "texture": "#0"},
				"west": {"uv": [6.25, 0, 4, 0], "texture": "#0"},
				"up": {"uv": [10, 2, 12, 0], "rotation": 180, "texture": "#0"},
				"down": {"uv": [11, 0, 10, 2], "rotation": 90, "texture": "#0"}
			}
		},
		{
			"name": "ear-inner-5",
			"from": [10.75, 10.44497, 4.64055],
			"to": [12.5, 12.44497, 4.64055],
			"rotation": {"angle": 0, "axis": "y", "origin": [11.625, 10.56997, 4.64055]},
			"faces": {
				"north": {"uv": [10, 2, 12, 0], "texture": "#0"},
				"east": {"uv": [6.25, 0, 4, 0], "rotation": 270, "texture": "#0"},
				"south": {"uv": [11, 0, 10, 2], "rotation": 90, "texture": "#0"},
				"west": {"uv": [6.25, 0, 4, 0], "rotation": 270, "texture": "#0"},
				"up": {"uv": [4, 0, 4, 2.5], "rotation": 90, "texture": "#0"},
				"down": {"uv": [4, 0, 4, 2.5], "rotation": 90, "texture": "#0"}
			}
		},
		{
			"name": "ear-outer-e1",
			"from": [12.29209, 6.33207, 7.5],
			"to": [13.29209, 12.08207, 8.5],
			"rotation": {"angle": 22.5, "axis": "x", "origin": [13.29209, 6.58207, 7.5]},
			"faces": {
				"north": {"uv": [6, 0, 5, 4], "texture": "#0"},
				"east": {"uv": [8, 0, 7, 4], "texture": "#0"},
				"south": {"uv": [9, 0, 8, 4], "texture": "#0"},
				"west": {"uv": [7, 0, 6, 4], "texture": "#0"},
				"up": {"uv": [6, 4, 5, 5], "texture": "#0"},
				"down": {"uv": [10, 0, 9, 1], "texture": "#0"}
			}
		},
		{
			"name": "ear-outer-e2",
			"from": [12.29209, 10.89056, 9.5867],
			"to": [13.29209, 14.89056, 10.5867],
			"rotation": {"angle": -45, "axis": "x", "origin": [12.79209, 11.01556, 10.0867]},
			"faces": {
				"north": {"uv": [6, 0, 5, 4], "texture": "#0"},
				"east": {"uv": [8, 0, 7, 4], "texture": "#0"},
				"south": {"uv": [9, 0, 8, 4], "texture": "#0"},
				"west": {"uv": [7, 0, 6, 4], "texture": "#0"},
				"up": {"uv": [6, 4, 5, 5], "texture": "#0"},
				"down": {"uv": [10, 0, 9, 1], "texture": "#0"}
			}
		},
		{
			"name": "ear-outer-e3",
			"from": [12.29209, 13.10915, 5.70021],
			"to": [13.29209, 14.10915, 7.70021],
			"rotation": {"angle": 0, "axis": "x", "origin": [12.79209, 13.60915, 5.70021]},
			"rotated": [0, 0, 0],
			"faces": {
				"north": {"uv": [6, 4, 5, 5], "rotation": 180, "texture": "#0"},
				"east": {"uv": [8, 0, 7, 4], "rotation": 90, "texture": "#0"},
				"south": {"uv": [10, 0, 9, 1], "texture": "#0"},
				"west": {"uv": [7, 0, 6, 4], "rotation": 270, "texture": "#0"},
				"up": {"uv": [9, 0, 8, 4], "texture": "#0"},
				"down": {"uv": [6, 0, 5, 4], "rotation": 180, "texture": "#0"}
			}
		},
		{
			"name": "ear-outer-e4",
			"from": [12.29209, 11.84138, 4.63955],
			"to": [13.29209, 12.84138, 6.63955],
			"rotation": {"angle": -45, "axis": "x", "origin": [12.79209, 12.34138, 4.63955]},
			"faces": {
				"north": {"uv": [6, 4, 5, 5], "rotation": 180, "texture": "#0"},
				"east": {"uv": [8, 0, 7, 4], "rotation": 90, "texture": "#0"},
				"south": {"uv": [10, 0, 9, 1], "texture": "#0"},
				"west": {"uv": [7, 0, 6, 4], "rotation": 270, "texture": "#0"},
				"up": {"uv": [9, 0, 8, 4], "texture": "#0"},
				"down": {"uv": [6, 0, 5, 4], "rotation": 180, "texture": "#0"}
			}
		},
		{
			"name": "ear-outer-e4",
			"from": [12.29209, 10.69494, 4.286],
			"to": [13.29209, 12.69494, 5.286],
			"rotation": {"angle": 0, "axis": "y", "origin": [12.79209, 10.69494, 4.786]},
			"faces": {
				"north": {"uv": [9, 0, 8, 4], "rotation": 180, "texture": "#0"},
				"east": {"uv": [8, 0, 7, 4], "rotation": 180, "texture": "#0"},
				"south": {"uv": [6, 0, 5, 4], "rotation": 180, "texture": "#0"},
				"west": {"uv": [7, 0, 6, 4], "rotation": 180, "texture": "#0"},
				"up": {"uv": [10, 0, 9, 1], "texture": "#0"},
				"down": {"uv": [6, 4, 5, 5], "texture": "#0"}
			}
		},
		{
			"name": "ear-outer-e5",
			"from": [11.02432, 10.13428, 4.286],
			"to": [12.02432, 11.63428, 5.286],
			"rotation": {"angle": -45, "axis": "z", "origin": [11.52432, 9.63428, 4.786]},
			"faces": {
				"north": {"uv": [9, 0, 8, 4], "rotation": 180, "texture": "#0"},
				"east": {"uv": [8, 0, 7, 4], "rotation": 180, "texture": "#0"},
				"south": {"uv": [6, 0, 5, 4], "rotation": 180, "texture": "#0"},
				"west": {"uv": [7, 0, 6, 4], "rotation": 180, "texture": "#0"},
				"up": {"uv": [10, 0, 9, 1], "texture": "#0"},
				"down": {"uv": [6, 4, 5, 5], "texture": "#0"}
			}
		},
		{
			"name": "ear-outer-e6",
			"from": [11.54393, 9.63428, 4.286],
			"to": [12.23143, 10.63428, 5.286],
			"rotation": {"angle": 0, "axis": "y", "origin": [11.04393, 10.13428, 4.786]},
			"faces": {
				"north": {"uv": [8, 0, 7, 4], "rotation": 90, "texture": "#0"},
				"east": {"uv": [10, 0, 9, 1], "texture": "#0"},
				"south": {"uv": [7, 0, 6, 4], "rotation": 270, "texture": "#0"},
				"west": {"uv": [6, 4, 5, 5], "rotation": 180, "texture": "#0"},
				"up": {"uv": [9, 0, 8, 4], "rotation": 270, "texture": "#0"},
				"down": {"uv": [6, 0, 5, 4], "rotation": 270, "texture": "#0"}
			}
		},
		{
			"name": "ear-outer-e2",
			"from": [9.79577, 6.33207, 7.5],
			"to": [10.79577, 12.08207, 8.5],
			"rotation": {"angle": 22.5, "axis": "x", "origin": [9.79577, 6.58207, 7.5]},
			"faces": {
				"north": {"uv": [5, 0, 6, 4], "texture": "#0"},
				"east": {"uv": [6, 0, 7, 4], "texture": "#0"},
				"south": {"uv": [8, 0, 9, 4], "texture": "#0"},
				"west": {"uv": [7, 0, 8, 4], "texture": "#0"},
				"up": {"uv": [5, 4, 6, 5], "texture": "#0"},
				"down": {"uv": [9, 0, 10, 1], "texture": "#0"}
			}
		},
		{
			"name": "ear-outer-e3",
			"from": [9.79577, 10.89056, 9.5867],
			"to": [10.79577, 14.89056, 10.5867],
			"rotation": {"angle": -45, "axis": "x", "origin": [10.29577, 11.01556, 10.0867]},
			"faces": {
				"north": {"uv": [5, 0, 6, 4], "texture": "#0"},
				"east": {"uv": [6, 0, 7, 4], "texture": "#0"},
				"south": {"uv": [8, 0, 9, 4], "texture": "#0"},
				"west": {"uv": [7, 0, 8, 4], "texture": "#0"},
				"up": {"uv": [5, 4, 6, 5], "texture": "#0"},
				"down": {"uv": [9, 0, 10, 1], "texture": "#0"}
			}
		},
		{
			"name": "ear-outer-e4",
			"from": [9.79577, 13.10915, 5.70021],
			"to": [10.79577, 14.10915, 7.70021],
			"rotation": {"angle": 0, "axis": "x", "origin": [10.29577, 13.60915, 5.70021]},
			"rotated": [0, 0, 0],
			"faces": {
				"north": {"uv": [5, 4, 6, 5], "rotation": 180, "texture": "#0"},
				"east": {"uv": [7, 4, 6, 0], "rotation": 270, "texture": "#0"},
				"south": {"uv": [9, 0, 10, 1], "texture": "#0"},
				"west": {"uv": [8, 4, 7, 0], "rotation": 90, "texture": "#0"},
				"up": {"uv": [8, 0, 9, 4], "texture": "#0"},
				"down": {"uv": [5, 0, 6, 4], "rotation": 180, "texture": "#0"}
			}
		},
		{
			"name": "ear-outer-e5",
			"from": [9.79577, 11.84138, 4.63955],
			"to": [10.79577, 12.84138, 6.63955],
			"rotation": {"angle": -45, "axis": "x", "origin": [10.29577, 12.34138, 4.63955]},
			"faces": {
				"north": {"uv": [5, 4, 6, 5], "rotation": 180, "texture": "#0"},
				"east": {"uv": [7, 4, 6, 0], "rotation": 270, "texture": "#0"},
				"south": {"uv": [9, 0, 10, 1], "texture": "#0"},
				"west": {"uv": [8, 4, 7, 0], "rotation": 90, "texture": "#0"},
				"up": {"uv": [8, 0, 9, 4], "texture": "#0"},
				"down": {"uv": [5, 0, 6, 4], "rotation": 180, "texture": "#0"}
			}
		},
		{
			"name": "ear-outer-e5",
			"from": [9.79577, 10.69494, 4.286],
			"to": [10.79577, 12.69494, 5.286],
			"rotation": {"angle": 0, "axis": "y", "origin": [10.29577, 10.69494, 4.786]},
			"faces": {
				"north": {"uv": [8, 0, 9, 4], "rotation": 180, "texture": "#0"},
				"east": {"uv": [6, 0, 7, 4], "rotation": 180, "texture": "#0"},
				"south": {"uv": [5, 0, 6, 4], "rotation": 180, "texture": "#0"},
				"west": {"uv": [7, 0, 8, 4], "rotation": 180, "texture": "#0"},
				"up": {"uv": [9, 0, 10, 1], "texture": "#0"},
				"down": {"uv": [5, 4, 6, 5], "texture": "#0"}
			}
		},
		{
			"name": "ear-outer-e6",
			"from": [11.06353, 10.13428, 4.286],
			"to": [12.06353, 11.63428, 5.286],
			"rotation": {"angle": 45, "axis": "z", "origin": [11.56353, 9.63428, 4.786]},
			"faces": {
				"north": {"uv": [8, 0, 9, 4], "rotation": 180, "texture": "#0"},
				"east": {"uv": [6, 0, 7, 4], "rotation": 180, "texture": "#0"},
				"south": {"uv": [5, 0, 6, 4], "rotation": 180, "texture": "#0"},
				"west": {"uv": [7, 0, 8, 4], "rotation": 180, "texture": "#0"},
				"up": {"uv": [9, 0, 10, 1], "texture": "#0"},
				"down": {"uv": [5, 4, 6, 5], "texture": "#0"}
			}
		},
		{
			"name": "ear-outer-e7",
			"from": [10.85643, 9.63428, 4.286],
			"to": [11.54393, 10.63428, 5.286],
			"rotation": {"angle": 0, "axis": "y", "origin": [12.04393, 10.13428, 4.786]},
			"faces": {
				"north": {"uv": [8, 4, 7, 0], "rotation": 90, "texture": "#0"},
				"east": {"uv": [5, 4, 6, 5], "rotation": 180, "texture": "#0"},
				"south": {"uv": [7, 4, 6, 0], "rotation": 270, "texture": "#0"},
				"west": {"uv": [9, 0, 10, 1], "texture": "#0"},
				"up": {"uv": [9, 4, 8, 0], "rotation": 270, "texture": "#0"},
				"down": {"uv": [6, 4, 5, 0], "rotation": 270, "texture": "#0"}
			}
		},
		{
			"name": "ear-inner-2",
			"from": [3.5, 6.3321, 8],
			"to": [5.25, 11.8321, 8],
			"rotation": {"angle": 0, "axis": "y", "origin": [4, 7.72852, 8]},
			"faces": {
				"north": {"uv": [11, 2, 10, 0], "rotation": 270, "texture": "#0"},
				"east": {"uv": [6.25, 0, 4, 0], "rotation": 90, "texture": "#0"},
				"south": {"uv": [12, 2, 10, 0], "rotation": 180, "texture": "#0"},
				"west": {"uv": [6.25, 0, 4, 0], "rotation": 90, "texture": "#0"},
				"up": {"uv": [4, 2.5, 4, 0], "rotation": 90, "texture": "#0"},
				"down": {"uv": [4, 2.5, 4, 0], "rotation": 90, "texture": "#0"}
			}
		},
		{
			"name": "ear-inner-3",
			"from": [3.5, 11.62277, 6.94762],
			"to": [5.25, 15.37277, 6.94762],
			"rotation": {"angle": -22.5, "axis": "x", "origin": [4.375, 14.37277, 6.94762]},
			"faces": {
				"north": {"uv": [11, 2, 10, 0], "rotation": 270, "texture": "#0"},
				"east": {"uv": [6.25, 0, 4, 0], "rotation": 90, "texture": "#0"},
				"south": {"uv": [12, 2, 10, 0], "rotation": 180, "texture": "#0"},
				"west": {"uv": [6.25, 0, 4, 0], "rotation": 90, "texture": "#0"},
				"up": {"uv": [4, 2.5, 4, 0], "rotation": 90, "texture": "#0"},
				"down": {"uv": [4, 2.5, 4, 0], "rotation": 90, "texture": "#0"}
			}
		},
		{
			"name": "ear-inner-4",
			"from": [3.5, 14.74747, 5.23911],
			"to": [5.25, 16.49747, 5.23911],
			"rotation": {"angle": -45, "axis": "x", "origin": [4.375, 16.62247, 5.23911]},
			"faces": {
				"north": {"uv": [11, 2, 10, 0], "rotation": 270, "texture": "#0"},
				"east": {"uv": [6.25, 0, 4, 0], "rotation": 90, "texture": "#0"},
				"south": {"uv": [12, 2, 10, 0], "rotation": 180, "texture": "#0"},
				"west": {"uv": [6.25, 0, 4, 0], "rotation": 90, "texture": "#0"},
				"up": {"uv": [4, 2.5, 4, 0], "rotation": 90, "texture": "#0"},
				"down": {"uv": [4, 2.5, 4, 0], "rotation": 90, "texture": "#0"}
			}
		},
		{
			"name": "ear-inner-5",
			"from": [3.5, 16.53379, 3.32821],
			"to": [5.25, 16.53379, 5.32821],
			"rotation": {"angle": 0, "axis": "y", "origin": [4.375, 16.53379, 3.45321]},
			"faces": {
				"north": {"uv": [4, 2.5, 4, 0], "rotation": 270, "texture": "#0"},
				"east": {"uv": [4, 0, 6.25, 0], "texture": "#0"},
				"south": {"uv": [4, 2.5, 4, 0], "rotation": 90, "texture": "#0"},
				"west": {"uv": [4, 0, 6.25, 0], "rotation": 180, "texture": "#0"},
				"up": {"uv": [12, 2, 10, 0], "rotation": 180, "texture": "#0"},
				"down": {"uv": [11, 2, 10, 0], "rotation": 90, "texture": "#0"}
			}
		},
		{
			"name": "ear-outer-w2",
			"from": [5.20791, 6.33207, 7.5],
			"to": [6.20791, 12.08207, 8.5],
			"rotation": {"angle": 0, "axis": "y", "origin": [5.20791, 6.58207, 7.5]},
			"faces": {
				"north": {"uv": [5, 0, 6, 4], "texture": "#0"},
				"east": {"uv": [6, 0, 7, 4], "texture": "#0"},
				"south": {"uv": [8, 0, 9, 4], "texture": "#0"},
				"west": {"uv": [7, 0, 8, 4], "texture": "#0"},
				"up": {"uv": [5, 4, 6, 5], "texture": "#0"},
				"down": {"uv": [9, 0, 10, 1], "texture": "#0"}
			}
		},
		{
			"name": "ear-outer-w3",
			"from": [5.20791, 11.88121, 7.49022],
			"to": [6.20791, 15.88121, 8.49022],
			"rotation": {"angle": -22.5, "axis": "x", "origin": [5.70791, 12.00621, 7.99022]},
			"faces": {
				"north": {"uv": [5, 0, 6, 4], "texture": "#0"},
				"east": {"uv": [6, 0, 7, 4], "texture": "#0"},
				"south": {"uv": [8, 0, 9, 4], "texture": "#0"},
				"west": {"uv": [7, 0, 8, 4], "texture": "#0"},
				"up": {"uv": [5, 4, 6, 5], "texture": "#0"},
				"down": {"uv": [9, 0, 10, 1], "texture": "#0"}
			}
		},
		{
			"name": "ear-outer-w4",
			"from": [5.20791, 14.83825, 4.7015],
			"to": [6.20791, 16.83825, 5.7015],
			"rotation": {"angle": -45, "axis": "x", "origin": [5.70791, 16.83825, 5.2015]},
			"faces": {
				"north": {"uv": [5, 0, 6, 4], "texture": "#0"},
				"east": {"uv": [6, 0, 7, 4], "texture": "#0"},
				"south": {"uv": [8, 0, 9, 4], "texture": "#0"},
				"west": {"uv": [7, 0, 8, 4], "texture": "#0"},
				"up": {"uv": [5, 4, 6, 5], "texture": "#0"},
				"down": {"uv": [9, 0, 10, 1], "texture": "#0"}
			}
		},
		{
			"name": "ear-outer-w5",
			"from": [5.20791, 16.1918, 3.55505],
			"to": [6.20791, 17.1918, 5.55505],
			"rotation": {"angle": 0, "axis": "y", "origin": [5.70791, 16.6918, 3.55505]},
			"faces": {
				"north": {"uv": [5, 4, 6, 5], "rotation": 180, "texture": "#0"},
				"east": {"uv": [7, 4, 6, 0], "rotation": 270, "texture": "#0"},
				"south": {"uv": [9, 0, 10, 1], "texture": "#0"},
				"west": {"uv": [8, 4, 7, 0], "rotation": 90, "texture": "#0"},
				"up": {"uv": [8, 0, 9, 4], "texture": "#0"},
				"down": {"uv": [5, 0, 6, 4], "rotation": 180, "texture": "#0"}
			}
		},
		{
			"name": "ear-outer-w6",
			"from": [3.94015, 16.1918, 2.99439],
			"to": [4.94015, 17.1918, 4.49439],
			"rotation": {"angle": 45, "axis": "y", "origin": [4.44015, 16.6918, 2.49439]},
			"faces": {
				"north": {"uv": [5, 4, 6, 5], "rotation": 180, "texture": "#0"},
				"east": {"uv": [7, 4, 6, 0], "rotation": 270, "texture": "#0"},
				"south": {"uv": [9, 0, 10, 1], "texture": "#0"},
				"west": {"uv": [8, 4, 7, 0], "rotation": 90, "texture": "#0"},
				"up": {"uv": [8, 0, 9, 4], "texture": "#0"},
				"down": {"uv": [5, 0, 6, 4], "rotation": 180, "texture": "#0"}
			}
		},
		{
			"name": "ear-outer-w7",
			"from": [4.45975, 16.1918, 2.49439],
			"to": [5.14725, 17.1918, 3.49439],
			"rotation": {"angle": 0, "axis": "y", "origin": [5.64725, 16.6918, 2.99439]},
			"faces": {
				"north": {"uv": [8, 4, 7, 0], "rotation": 90, "texture": "#0"},
				"east": {"uv": [5, 4, 6, 5], "rotation": 180, "texture": "#0"},
				"south": {"uv": [7, 4, 6, 0], "rotation": 270, "texture": "#0"},
				"west": {"uv": [9, 0, 10, 1], "texture": "#0"},
				"up": {"uv": [9, 4, 8, 0], "rotation": 270, "texture": "#0"},
				"down": {"uv": [6, 4, 5, 0], "rotation": 270, "texture": "#0"}
			}
		},
		{
			"name": "ear-outer-e2",
			"from": [2.70791, 6.33207, 7.5],
			"to": [3.70791, 12.08207, 8.5],
			"rotation": {"angle": 0, "axis": "y", "origin": [2.70791, 6.58207, 7.5]},
			"faces": {
				"north": {"uv": [5, 0, 6, 4], "texture": "#0"},
				"east": {"uv": [6, 0, 7, 4], "texture": "#0"},
				"south": {"uv": [8, 0, 9, 4], "texture": "#0"},
				"west": {"uv": [7, 0, 8, 4], "texture": "#0"},
				"up": {"uv": [5, 4, 6, 5], "texture": "#0"},
				"down": {"uv": [9, 0, 10, 1], "texture": "#0"}
			}
		},
		{
			"name": "ear-outer-e3",
			"from": [2.70791, 11.88121, 7.49022],
			"to": [3.70791, 15.88121, 8.49022],
			"rotation": {"angle": -22.5, "axis": "x", "origin": [3.20791, 12.00621, 7.99022]},
			"faces": {
				"north": {"uv": [5, 0, 6, 4], "texture": "#0"},
				"east": {"uv": [6, 0, 7, 4], "texture": "#0"},
				"south": {"uv": [8, 0, 9, 4], "texture": "#0"},
				"west": {"uv": [7, 0, 8, 4], "texture": "#0"},
				"up": {"uv": [5, 4, 6, 5], "texture": "#0"},
				"down": {"uv": [9, 0, 10, 1], "texture": "#0"}
			}
		},
		{
			"name": "ear-outer-e4",
			"from": [2.70791, 14.83825, 4.7015],
			"to": [3.70791, 16.83825, 5.7015],
			"rotation": {"angle": -45, "axis": "x", "origin": [3.20791, 16.83825, 5.2015]},
			"faces": {
				"north": {"uv": [5, 0, 6, 4], "texture": "#0"},
				"east": {"uv": [6, 0, 7, 4], "texture": "#0"},
				"south": {"uv": [8, 0, 9, 4], "texture": "#0"},
				"west": {"uv": [7, 0, 8, 4], "texture": "#0"},
				"up": {"uv": [5, 4, 6, 5], "texture": "#0"},
				"down": {"uv": [9, 0, 10, 1], "texture": "#0"}
			}
		},
		{
			"name": "ear-outer-e5",
			"from": [2.70791, 16.1918, 3.55505],
			"to": [3.70791, 17.1918, 5.55505],
			"rotation": {"angle": 0, "axis": "y", "origin": [3.20791, 16.6918, 3.55505]},
			"faces": {
				"north": {"uv": [5, 4, 6, 5], "rotation": 180, "texture": "#0"},
				"east": {"uv": [7, 4, 6, 0], "rotation": 270, "texture": "#0"},
				"south": {"uv": [9, 0, 10, 1], "texture": "#0"},
				"west": {"uv": [8, 4, 7, 0], "rotation": 90, "texture": "#0"},
				"up": {"uv": [8, 0, 9, 4], "texture": "#0"},
				"down": {"uv": [5, 0, 6, 4], "rotation": 180, "texture": "#0"}
			}
		},
		{
			"name": "ear-outer-e6",
			"from": [3.97568, 16.1918, 2.99439],
			"to": [4.97568, 17.1918, 4.49439],
			"rotation": {"angle": -45, "axis": "y", "origin": [4.47568, 16.6918, 2.49439]},
			"faces": {
				"north": {"uv": [5, 4, 6, 5], "rotation": 180, "texture": "#0"},
				"east": {"uv": [7, 4, 6, 0], "rotation": 270, "texture": "#0"},
				"south": {"uv": [9, 0, 10, 1], "texture": "#0"},
				"west": {"uv": [8, 4, 7, 0], "rotation": 90, "texture": "#0"},
				"up": {"uv": [8, 0, 9, 4], "texture": "#0"},
				"down": {"uv": [5, 0, 6, 4], "rotation": 180, "texture": "#0"}
			}
		},
		{
			"name": "ear-outer-e7",
			"from": [3.77225, 16.1918, 2.49439],
			"to": [4.45975, 17.1918, 3.49439],
			"rotation": {"angle": 0, "axis": "y", "origin": [4.95975, 16.6918, 2.99439]},
			"faces": {
				"north": {"uv": [8, 4, 7, 0], "rotation": 90, "texture": "#0"},
				"east": {"uv": [5, 4, 6, 5], "rotation": 180, "texture": "#0"},
				"south": {"uv": [7, 4, 6, 0], "rotation": 270, "texture": "#0"},
				"west": {"uv": [9, 0, 10, 1], "texture": "#0"},
				"up": {"uv": [9, 4, 8, 0], "rotation": 270, "texture": "#0"},
				"down": {"uv": [6, 4, 5, 0], "rotation": 270, "texture": "#0"}
			}
		}
	],
	"display": {
		"thirdperson_righthand": {
			"scale": [0.35, 0.35, 0.35]
		},
		"thirdperson_lefthand": {
			"translation": [0, 0.5, 0],
			"scale": [0.35, 0.35, 0.35]
		},
		"firstperson_righthand": {
			"translation": [-1.25, 0.75, 0]
		},
		"firstperson_lefthand": {
			"translation": [-1.25, 0.75, 0]
		},
		"ground": {
			"translation": [0, -1.25, 0],
			"scale": [0.65, 0.65, 0.65]
		},
		"head": {
			"rotation": [2, 0, 0],
			"translation": [0, 8, -1.25]
		}
	},
	"groups": [
		{
			"name": "ears",
			"origin": [8, 8, 8],
			"color": 0,
			"children": [
				{
					"name": "ear-e",
					"origin": [8, 8, 8],
					"color": 0,
					"children": [
						{
							"name": "curve-ear-e",
							"origin": [3.06147, 0, 0],
							"color": 0,
							"children": [
								{
									"name": "inner",
									"origin": [12, 7.72852, 8],
									"color": 0,
									"children": [0, 1, 2, 3, 4]
								},
								{
									"name": "outer-east",
									"origin": [12.79209, 15.9645, 3.89864],
									"color": 0,
									"children": [5, 6, 7, 8, 9, 10, 11]
								},
								{
									"name": "outer-west",
									"origin": [12.79209, 15.9645, 3.89864],
									"color": 0,
									"children": [12, 13, 14, 15, 16, 17, 18]
								}
							]
						}
					]
				},
				{
					"name": "ear-w",
					"origin": [8, 8, 8],
					"color": 0,
					"children": [
						{
							"name": "curve-ear-w",
							"origin": [3.06147, 0, 0],
							"color": 0,
							"children": [
								{
									"name": "inner",
									"origin": [12, 7.72852, 8],
									"color": 0,
									"children": [19, 20, 21, 22]
								},
								{
									"name": "outer-west",
									"origin": [10.29209, 16.83825, 5.2015],
									"color": 0,
									"children": [23, 24, 25, 26, 27, 28]
								},
								{
									"name": "outer-east",
									"origin": [12.79209, 15.9645, 3.89864],
									"color": 0,
									"children": [29, 30, 31, 32, 33, 34]
								}
							]
						}
					]
				}
			]
		}
	]
}