{
	"credit": "Made with Blockbench",
	"textures": {
		"2": "block/iron_block",
		"3": "beacon/global/item/cosmetic/hat/trash_can/lid",
		"4": "beacon/global/item/cosmetic/hat/trash_can/side",
		"particle": "beacon/global/item/cosmetic/hat/trash_can/side"
	},
	"elements": [
		{
			"name": "lid",
			"from": [0, 16, 0],
			"to": [16, 20, 16],
			"faces": {
				"north": {"uv": [0, 0, 16, 4], "texture": "#3", "tintindex": 0},
				"east": {"uv": [0, 0, 16, 4], "texture": "#3", "tintindex": 0},
				"south": {"uv": [0, 0, 16, 4], "texture": "#3", "tintindex": 0},
				"west": {"uv": [0, 0, 16, 4], "texture": "#3", "tintindex": 0},
				"up": {"uv": [0, 0, 16, 16], "texture": "#3", "tintindex": 0},
				"down": {"uv": [0, 0, 16, 16], "texture": "#3", "tintindex": 0}
			}
		},
		{
			"name": "base",
			"from": [1, 0, 1],
			"to": [15, 16, 15],
			"faces": {
				"north": {"uv": [0, 0, 16, 16], "texture": "#4", "tintindex": 0},
				"east": {"uv": [0, 0, 16, 16], "texture": "#4", "tintindex": 0},
				"south": {"uv": [0, 0, 16, 16], "texture": "#4", "tintindex": 0},
				"west": {"uv": [0, 0, 16, 16], "texture": "#4", "tintindex": 0},
				"up": {"uv": [0, 0, 16, 16], "texture": "#3", "tintindex": 0},
				"down": {"uv": [0, 0, 16, 16], "texture": "#3", "tintindex": 0}
			}
		},
		{
			"name": "handle-n",
			"from": [7.5, 20, 9.5],
			"to": [8.5, 22, 10.5],
			"faces": {
				"north": {"uv": [0, 0, 1, 2], "texture": "#2"},
				"east": {"uv": [0, 0, 1, 2], "texture": "#2"},
				"south": {"uv": [0, 0, 1, 2], "texture": "#2"},
				"west": {"uv": [0, 0, 1, 2], "texture": "#2"},
				"up": {"uv": [0, 0, 1, 1], "texture": "#2"},
				"down": {"uv": [0, 0, 1, 1], "texture": "#missing"}
			}
		},
		{
			"name": "handle-mid",
			"from": [7.5, 21, 6.5],
			"to": [8.5, 22, 9.5],
			"rotation": {"angle": 0, "axis": "x", "origin": [8, 21.5, 8]},
			"faces": {
				"north": {"uv": [0, 0, 1, 1], "rotation": 180, "texture": "#missing"},
				"east": {"uv": [0, 0, 1, 3], "rotation": 90, "texture": "#2"},
				"south": {"uv": [0, 0, 1, 1], "texture": "#missing"},
				"west": {"uv": [0, 0, 1, 3], "rotation": 270, "texture": "#2"},
				"up": {"uv": [0, 0, 1, 3], "texture": "#2"},
				"down": {"uv": [0, 0, 1, 3], "rotation": 180, "texture": "#2"}
			}
		},
		{
			"name": "handle-s",
			"from": [7.5, 20, 5.5],
			"to": [8.5, 22, 6.5],
			"faces": {
				"north": {"uv": [0, 0, 1, 2], "texture": "#2"},
				"east": {"uv": [0, 0, 1, 2], "texture": "#2"},
				"south": {"uv": [0, 0, 1, 2], "texture": "#2"},
				"west": {"uv": [0, 0, 1, 2], "texture": "#2"},
				"up": {"uv": [0, 0, 1, 1], "texture": "#2"},
				"down": {"uv": [0, 0, 1, 1], "texture": "#missing"}
			}
		}
	],
	"display": {
		"thirdperson_righthand": {
			"scale": [0.15, 0.15, 0.15]
		},
		"thirdperson_lefthand": {
			"scale": [0.15, 0.15, 0.15]
		},
		"firstperson_righthand": {
			"scale": [0.4, 0.4, 0.4]
		},
		"firstperson_lefthand": {
			"scale": [0.4, 0.4, 0.4]
		},
		"ground": {
			"translation": [0, 0.75, 0],
			"scale": [0.45, 0.45, 0.45]
		},
		"gui": {
			"rotation": [0, 90, 0],
			"translation": [0, -1.75, 0],
			"scale": [0.6, 0.6, 0.6]
		},
		"head": {
			"rotation": [180, 0, 0],
			"translation": [0, 7, 0],
			"scale": [1.05, 1.05, 1.05]
		},
		"fixed": {
			"rotation": [-90, 0, 0],
			"translation": [0, 0, -13.9],
			"scale": [2, 2, 2]
		}
	},
	"groups": [
		0,
		1,
		{
			"name": "handle",
			"origin": [0, 0, 0],
			"color": 0,
			"children": [2, 3, 4]
		}
	]
}