{
	"credit": "Made with Blockbench",
	"texture_size": [64, 64],
	"textures": {
		"2": "beacon/global/item/cosmetic/hat/christmas/christmas_dog_hat"
	},
	"elements": [
		{
			"from": [1.5, 1, 6],
			"to": [2.5, 7, 10],
			"rotation": {"angle": -22.5, "axis": "z", "origin": [2, 5, 8.5]},
			"faces": {
				"north": {"uv": [5.75, 7.25, 6, 8.75], "texture": "#2"},
				"east": {"uv": [0, 6.25, 1, 7.75], "texture": "#2"},
				"south": {"uv": [6, 7.25, 6.25, 8.75], "texture": "#2"},
				"west": {"uv": [1, 6.25, 2, 7.75], "texture": "#2"},
				"up": {"uv": [6.5, 8.25, 6.25, 7.25], "texture": "#2"},
				"down": {"uv": [6.75, 7.25, 6.5, 8.25], "texture": "#2"}
			}
		},
		{
			"from": [13.5, 1, 6],
			"to": [14.5, 7, 10],
			"rotation": {"angle": 22.5, "axis": "z", "origin": [14, 5, 8.5]},
			"faces": {
				"north": {"uv": [6, 7.25, 5.75, 8.75], "texture": "#2"},
				"east": {"uv": [2, 6.25, 1, 7.75], "texture": "#2"},
				"south": {"uv": [6.25, 7.25, 6, 8.75], "texture": "#2"},
				"west": {"uv": [1, 6.25, 0, 7.75], "texture": "#2"},
				"up": {"uv": [6.25, 8.25, 6.5, 7.25], "texture": "#2"},
				"down": {"uv": [6.5, 7.25, 6.75, 8.25], "texture": "#2"}
			}
		}
	],
	"display": {
		"thirdperson_righthand": {
			"rotation": [75, 45, 0],
			"translation": [0, 2.5, 0],
			"scale": [0.375, 0.375, 0.375]
		},
		"thirdperson_lefthand": {
			"rotation": [75, 45, 0],
			"translation": [0, 2.5, 0],
			"scale": [0.375, 0.375, 0.375]
		},
		"firstperson_righthand": {
			"rotation": [0, 45, 0],
			"scale": [0.4, 0.4, 0.4]
		},
		"firstperson_lefthand": {
			"rotation": [0, 45, 0],
			"scale": [0.4, 0.4, 0.4]
		},
		"ground": {
			"translation": [0, 3.75, 0],
			"scale": [0.5, 0.5, 0.5]
		},
		"gui": {
			"rotation": [30, 225, 0],
			"translation": [0, -1, 0],
			"scale": [0.625, 0.625, 0.625]
		},
		"head": {
			"translation": [0, 6.25, 0],
			"scale": [1.6, 1.6, 1.6]
		}
	}
}