{
	"credit": "Made with Blockbench",
	"texture_size": [64, 64],
	"textures": {
		"3": "beacon/global/item/cosmetic/hat/christmas/christmas_fox_hat",
		"particle": "beacon/global/item/cosmetic/hat/christmas/christmas_fox_hat"
	},
	"elements": [
		{
			"from": [1.57926, 5.61522, 9],
			"to": [4.57926, 10.61522, 10],
			"rotation": {"angle": 45, "axis": "z", "origin": [3.07926, 7.61522, 9.5]},
			"faces": {
				"north": {"uv": [2.5, 7.5, 3.25, 8.75], "texture": "#3"},
				"east": {"uv": [2.25, 8.5, 2.5, 9.75], "texture": "#3"},
				"south": {"uv": [3.25, 7.5, 4, 8.75], "texture": "#3"},
				"west": {"uv": [8.5, 4.75, 8.75, 6], "texture": "#3"},
				"up": {"uv": [6.5, 7, 5.75, 6.75], "texture": "#3"},
				"down": {"uv": [7.75, 2, 7, 2.25], "texture": "#3"}
			}
		},
		{
			"from": [0.57926, 5.61522, 10],
			"to": [5.57926, 14.61522, 10],
			"rotation": {"angle": 45, "axis": "z", "origin": [3.07926, 7.61522, 10.5]},
			"faces": {
				"north": {"uv": [4.5, 0, 5.75, 2.25], "texture": "#3"},
				"east": {"uv": [0, 0, 0, 2.25], "texture": "#3"},
				"south": {"uv": [0, 5, 1.25, 7.25], "texture": "#3"},
				"west": {"uv": [0, 0, 0, 2.25], "texture": "#3"},
				"up": {"uv": [1.25, 0, 0, 0], "texture": "#3"},
				"down": {"uv": [1.25, 0, 0, 0], "texture": "#3"}
			}
		},
		{
			"from": [11.42074, 5.61522, 9],
			"to": [14.42074, 10.61522, 10],
			"rotation": {"angle": -45, "axis": "z", "origin": [12.92074, 7.61522, 9.5]},
			"faces": {
				"north": {"uv": [8, 2.75, 8.75, 4], "texture": "#3"},
				"east": {"uv": [5.75, 8.5, 6, 9.75], "texture": "#3"},
				"south": {"uv": [4, 8, 4.75, 9.25], "texture": "#3"},
				"west": {"uv": [6, 8.5, 6.25, 9.75], "texture": "#3"},
				"up": {"uv": [6.5, 7.25, 5.75, 7], "texture": "#3"},
				"down": {"uv": [9.25, 6, 8.5, 6.25], "texture": "#3"}
			}
		},
		{
			"from": [10.42074, 5.61522, 10],
			"to": [15.42074, 14.61522, 10],
			"rotation": {"angle": -45, "axis": "z", "origin": [12.92074, 7.61522, 10.5]},
			"faces": {
				"north": {"uv": [1.25, 5, 2.5, 7.25], "texture": "#3"},
				"east": {"uv": [0, 0, 0, 2.25], "texture": "#3"},
				"south": {"uv": [5.75, 0, 7, 2.25], "texture": "#3"},
				"west": {"uv": [0, 0, 0, 2.25], "texture": "#3"},
				"up": {"uv": [1.25, 0, 0, 0], "texture": "#3"},
				"down": {"uv": [1.25, 0, 0, 0], "texture": "#3"}
			}
		},
		{
			"from": [-1, -2, 5.4],
			"to": [6, 5, 5.4],
			"rotation": {"angle": 22.5, "axis": "y", "origin": [3, 0, 5.4]},
			"faces": {
				"north": {"uv": [2.5, 4, 4.25, 5.75], "texture": "#3"},
				"east": {"uv": [0, 0, 0, 1.75], "texture": "#3"},
				"south": {"uv": [4.25, 4, 6, 5.75], "texture": "#3"},
				"west": {"uv": [0, 0, 0, 1.75], "texture": "#3"},
				"up": {"uv": [1.75, 0, 0, 0], "texture": "#3"},
				"down": {"uv": [1.75, 0, 0, 0], "texture": "#3"}
			}
		},
		{
			"from": [10, -2, 5.4],
			"to": [17, 5, 5.4],
			"rotation": {"angle": -22.5, "axis": "y", "origin": [13, 0, 5.4]},
			"faces": {
				"north": {"uv": [4.25, 4, 6, 5.75], "texture": "#3"},
				"east": {"uv": [0, 0, 0, 1.75], "texture": "#3"},
				"south": {"uv": [2.5, 4, 4.25, 5.75], "texture": "#3"},
				"west": {"uv": [0, 0, 0, 1.75], "texture": "#3"},
				"up": {"uv": [1.75, 0, 0, 0], "texture": "#3"},
				"down": {"uv": [1.75, 0, 0, 0], "texture": "#3"}
			}
		}
	],
	"display": {
		"thirdperson_righthand": {
			"rotation": [75, 45, 0],
			"translation": [0, 2.5, 0],
			"scale": [0.375, 0.375, 0.375]
		},
		"thirdperson_lefthand": {
			"rotation": [75, 45, 0],
			"translation": [0, 2.5, 0],
			"scale": [0.375, 0.375, 0.375]
		},
		"firstperson_righthand": {
			"rotation": [0, 45, 0],
			"scale": [0.4, 0.4, 0.4]
		},
		"firstperson_lefthand": {
			"rotation": [0, 45, 0],
			"scale": [0.4, 0.4, 0.4]
		},
		"ground": {
			"translation": [0, 3.75, 0],
			"scale": [0.5, 0.5, 0.5]
		},
		"gui": {
			"rotation": [30, 225, 0],
			"translation": [0, 0.25, 0],
			"scale": [0.625, 0.625, 0.625]
		},
		"head": {
			"translation": [0, 6.25, 0],
			"scale": [1.6, 1.6, 1.6]
		}
	},
	"groups": [
		{
			"name": "group",
			"origin": [7, -2, 0],
			"color": 0,
			"children": [0, 1, 2, 3]
		},
		4,
		5
	]
}