{
	"credit": "Made with Blockbench",
	"texture_size": [64, 64],
	"textures": {
		"0": "beacon/global/item/cosmetic/duck_floatie/giraffe_ducky_floatie",
		"particle": "beacon/global/item/cosmetic/duck_floatie/giraffe_ducky_floatie"
	},
	"elements": [
		{
			"from": [6, 20.5, -1.75],
			"to": [10, 24.5, 2.75],
			"rotation": {"angle": -22.5, "axis": "x", "origin": [8, 19.75, -1]},
			"faces": {
				"north": {"uv": [4.25, 6, 5.25, 7], "texture": "#0"},
				"east": {"uv": [5.5, 3, 6.75, 4], "texture": "#0"},
				"south": {"uv": [5.25, 6, 6.25, 7], "texture": "#0"},
				"west": {"uv": [6, 1.75, 7.25, 2.75], "texture": "#0"},
				"up": {"uv": [3.25, 7.25, 2.25, 6], "texture": "#0"},
				"down": {"uv": [4.25, 6, 3.25, 7.25], "texture": "#0"}
			}
		},
		{
			"from": [6.25, 24.5, 1.25],
			"to": [7, 26, 2],
			"rotation": {"angle": -22.5, "axis": "x", "origin": [4, 19.75, -1]},
			"faces": {
				"north": {"uv": [2.25, 5.5, 2.5, 6], "texture": "#0"},
				"east": {"uv": [6.5, 4, 6.75, 4.5], "texture": "#0"},
				"south": {"uv": [8.75, 8.25, 9, 8.75], "texture": "#0"},
				"west": {"uv": [8.75, 8.75, 9, 9.25], "texture": "#0"},
				"up": {"uv": [7.5, 7, 7.25, 6.75], "texture": "#0"},
				"down": {"uv": [8, 8.5, 7.75, 8.75], "texture": "#0"}
			}
		},
		{
			"from": [9, 24.5, 1.25],
			"to": [9.75, 26, 2],
			"rotation": {"angle": -22.5, "axis": "x", "origin": [6.75, 19.75, -1]},
			"faces": {
				"north": {"uv": [0, 9, 0.25, 9.5], "texture": "#0"},
				"east": {"uv": [0.25, 9, 0.5, 9.5], "texture": "#0"},
				"south": {"uv": [0.5, 9, 0.75, 9.5], "texture": "#0"},
				"west": {"uv": [0.75, 9, 1, 9.5], "texture": "#0"},
				"up": {"uv": [2.75, 9.25, 2.5, 9], "texture": "#0"},
				"down": {"uv": [3, 9, 2.75, 9.25], "texture": "#0"}
			}
		},
		{
			"from": [6.5, 13.5, -0.5],
			"to": [9.5, 20.5, 2.5],
			"rotation": {"angle": -22.5, "axis": "x", "origin": [8, 19.75, -1]},
			"faces": {
				"north": {"uv": [0, 5.5, 0.75, 7.25], "texture": "#0"},
				"east": {"uv": [0.75, 5.5, 1.5, 7.25], "texture": "#0"},
				"south": {"uv": [1.5, 5.5, 2.25, 7.25], "texture": "#0"},
				"west": {"uv": [6, 0, 6.75, 1.75], "texture": "#0"},
				"up": {"uv": [0.75, 9, 0, 8.25], "texture": "#0"},
				"down": {"uv": [9, 6, 8.25, 6.75], "texture": "#0"}
			}
		},
		{
			"from": [6.5, 20.5, -4.25],
			"to": [9.5, 22.5, -1.75],
			"rotation": {"angle": -22.5, "axis": "x", "origin": [8, 19.75, -1]},
			"faces": {
				"north": {"uv": [3.75, 8.5, 4.5, 9], "texture": "#0"},
				"east": {"uv": [8.5, 3.75, 9.25, 4.25], "texture": "#0"},
				"south": {"uv": [4.5, 8.5, 5.25, 9], "texture": "#0"},
				"west": {"uv": [8.5, 4.5, 9.25, 5], "texture": "#0"},
				"up": {"uv": [8.75, 9, 8, 8.25], "texture": "#0"},
				"down": {"uv": [3.75, 8.5, 3, 9.25], "texture": "#0"}
			}
		},
		{
			"from": [6, 14, 13],
			"to": [10, 17, 15],
			"faces": {
				"north": {"uv": [6.75, 1, 7.75, 1.75], "texture": "#0"},
				"east": {"uv": [3.75, 7.25, 4.25, 8], "texture": "#0"},
				"south": {"uv": [6.75, 3.75, 7.75, 4.5], "texture": "#0"},
				"west": {"uv": [8.5, 5, 9, 5.75], "texture": "#0"},
				"up": {"uv": [6.5, 4.5, 5.5, 4], "texture": "#0"},
				"down": {"uv": [9.5, 3.25, 8.5, 3.75], "texture": "#0"}
			}
		},
		{
			"from": [7, 17, 13],
			"to": [9, 18, 15],
			"faces": {
				"north": {"uv": [7.25, 2.5, 7.75, 2.75], "texture": "#0"},
				"east": {"uv": [1, 9, 1.5, 9.25], "texture": "#0"},
				"south": {"uv": [1.5, 9, 2, 9.25], "texture": "#0"},
				"west": {"uv": [2, 9, 2.5, 9.25], "texture": "#0"},
				"up": {"uv": [3, 4.5, 2.5, 4], "texture": "#0"},
				"down": {"uv": [5.75, 8.5, 5.25, 9], "texture": "#0"}
			}
		},
		{
			"from": [3, 15, 10],
			"to": [13, 16, 13],
			"faces": {
				"north": {"uv": [7.75, 1.5, 10.25, 1.75], "texture": "#0"},
				"east": {"uv": [6, 2.75, 6.75, 3], "texture": "#0"},
				"south": {"uv": [7.75, 4.25, 10.25, 4.5], "texture": "#0"},
				"west": {"uv": [8.5, 7.5, 9.25, 7.75], "texture": "#0"},
				"up": {"uv": [5.5, 3.75, 3, 3], "texture": "#0"},
				"down": {"uv": [5.5, 3.75, 3, 4.5], "texture": "#0"}
			}
		},
		{
			"from": [3, 15, 3],
			"to": [13, 16, 6],
			"faces": {
				"north": {"uv": [3, 8, 5.5, 8.25], "texture": "#0"},
				"east": {"uv": [8.5, 7.75, 9.25, 8], "texture": "#0"},
				"south": {"uv": [8.25, 1.75, 10.75, 2], "texture": "#0"},
				"west": {"uv": [8.5, 8, 9.25, 8.25], "texture": "#0"},
				"up": {"uv": [2.5, 4.75, 0, 4], "texture": "#0"},
				"down": {"uv": [5, 4.5, 2.5, 5.25], "texture": "#0"}
			}
		},
		{
			"from": [10, 15, 6],
			"to": [13, 16, 10],
			"rotation": {"angle": 0, "axis": "y", "origin": [8, 13.5, 12]},
			"faces": {
				"north": {"uv": [8.75, 0, 9.5, 0.25], "texture": "#0"},
				"east": {"uv": [5.5, 8, 6.5, 8.25], "texture": "#0"},
				"south": {"uv": [8.75, 0.25, 9.5, 0.5], "texture": "#0"},
				"west": {"uv": [6.5, 8, 7.5, 8.25], "texture": "#0"},
				"up": {"uv": [6, 8, 5.25, 7], "texture": "#0"},
				"down": {"uv": [6.75, 7, 6, 8], "texture": "#0"}
			}
		},
		{
			"from": [3, 15, 6],
			"to": [6, 16, 10],
			"rotation": {"angle": 0, "axis": "y", "origin": [8, 13.5, 12]},
			"faces": {
				"north": {"uv": [8.75, 0.5, 9.5, 0.75], "texture": "#0"},
				"east": {"uv": [5.75, 8.5, 6.75, 8.75], "texture": "#0"},
				"south": {"uv": [8.75, 0.75, 9.5, 1], "texture": "#0"},
				"west": {"uv": [8.5, 5.75, 9.5, 6], "texture": "#0"},
				"up": {"uv": [7.5, 8, 6.75, 7], "texture": "#0"},
				"down": {"uv": [0.75, 7.25, 0, 8.25], "texture": "#0"}
			}
		},
		{
			"from": [2, 12, 10],
			"to": [14, 15, 14],
			"faces": {
				"north": {"uv": [3, 0, 6, 0.75], "texture": "#0"},
				"east": {"uv": [0.75, 7.25, 1.75, 8], "texture": "#0"},
				"south": {"uv": [3, 0.75, 6, 1.5], "texture": "#0"},
				"west": {"uv": [1.75, 7.25, 2.75, 8], "texture": "#0"},
				"up": {"uv": [3, 1, 0, 0], "texture": "#0"},
				"down": {"uv": [3, 1, 0, 2], "texture": "#0"}
			}
		},
		{
			"from": [2, 12, 2],
			"to": [14, 15, 6],
			"faces": {
				"north": {"uv": [3, 1.5, 6, 2.25], "texture": "#0"},
				"east": {"uv": [7.25, 1.75, 8.25, 2.5], "texture": "#0"},
				"south": {"uv": [3, 2.25, 6, 3], "texture": "#0"},
				"west": {"uv": [2.75, 7.25, 3.75, 8], "texture": "#0"},
				"up": {"uv": [3, 3, 0, 2], "texture": "#0"},
				"down": {"uv": [3, 3, 0, 4], "texture": "#0"}
			}
		},
		{
			"from": [10, 12, 6],
			"to": [14, 15, 10],
			"rotation": {"angle": 0, "axis": "y", "origin": [8, 13.5, 12]},
			"faces": {
				"north": {"uv": [7.25, 6, 8.25, 6.75], "texture": "#0"},
				"east": {"uv": [7.5, 4.5, 8.5, 5.25], "texture": "#0"},
				"south": {"uv": [7.5, 5.25, 8.5, 6], "texture": "#0"},
				"west": {"uv": [7.5, 6.75, 8.5, 7.5], "texture": "#0"},
				"up": {"uv": [7.25, 7, 6.25, 6], "texture": "#0"},
				"down": {"uv": [7.75, 0, 6.75, 1], "texture": "#0"}
			}
		},
		{
			"from": [2, 12, 6],
			"to": [6, 15, 10],
			"rotation": {"angle": 0, "axis": "y", "origin": [8, 13.5, 12]},
			"faces": {
				"north": {"uv": [7.5, 7.5, 8.5, 8.25], "texture": "#0"},
				"east": {"uv": [7.75, 0, 8.75, 0.75], "texture": "#0"},
				"south": {"uv": [7.75, 0.75, 8.75, 1.5], "texture": "#0"},
				"west": {"uv": [7.75, 2.5, 8.75, 3.25], "texture": "#0"},
				"up": {"uv": [7.75, 3.75, 6.75, 2.75], "texture": "#0"},
				"down": {"uv": [5.25, 7, 4.25, 8], "texture": "#0"}
			}
		},
		{
			"from": [3, 11, 10],
			"to": [13, 12, 13],
			"faces": {
				"north": {"uv": [8.25, 2, 10.75, 2.25], "texture": "#0"},
				"east": {"uv": [8.75, 1, 9.5, 1.25], "texture": "#0"},
				"south": {"uv": [8.25, 2.25, 10.75, 2.5], "texture": "#0"},
				"west": {"uv": [8.75, 1.25, 9.5, 1.5], "texture": "#0"},
				"up": {"uv": [2.5, 5.5, 0, 4.75], "texture": "#0"},
				"down": {"uv": [7.5, 4.5, 5, 5.25], "texture": "#0"}
			}
		},
		{
			"from": [3, 11, 3],
			"to": [13, 12, 6],
			"faces": {
				"north": {"uv": [3, 8.25, 5.5, 8.5], "texture": "#0"},
				"east": {"uv": [8.75, 2.5, 9.5, 2.75], "texture": "#0"},
				"south": {"uv": [5.5, 8.25, 8, 8.5], "texture": "#0"},
				"west": {"uv": [8.75, 2.75, 9.5, 3], "texture": "#0"},
				"up": {"uv": [5, 6, 2.5, 5.25], "texture": "#0"},
				"down": {"uv": [7.5, 5.25, 5, 6], "texture": "#0"}
			}
		},
		{
			"from": [10, 11, 6],
			"to": [13, 12, 10],
			"rotation": {"angle": 0, "axis": "y", "origin": [8, 13.5, 12]},
			"faces": {
				"north": {"uv": [8.75, 3, 9.5, 3.25], "texture": "#0"},
				"east": {"uv": [6.75, 8.5, 7.75, 8.75], "texture": "#0"},
				"south": {"uv": [5.75, 8.75, 6.5, 9], "texture": "#0"},
				"west": {"uv": [8.5, 6.75, 9.5, 7], "texture": "#0"},
				"up": {"uv": [8.5, 4.25, 7.75, 3.25], "texture": "#0"},
				"down": {"uv": [1.5, 8, 0.75, 9], "texture": "#0"}
			}
		},
		{
			"from": [3, 11, 6],
			"to": [6, 12, 10],
			"rotation": {"angle": 0, "axis": "y", "origin": [8, 13.5, 12]},
			"faces": {
				"north": {"uv": [6.5, 8.75, 7.25, 9], "texture": "#0"},
				"east": {"uv": [8.5, 7, 9.5, 7.25], "texture": "#0"},
				"south": {"uv": [7.25, 8.75, 8, 9], "texture": "#0"},
				"west": {"uv": [8.5, 7.25, 9.5, 7.5], "texture": "#0"},
				"up": {"uv": [2.25, 9, 1.5, 8], "texture": "#0"},
				"down": {"uv": [3, 8, 2.25, 9], "texture": "#0"}
			}
		}
	],
	"display": {
		"thirdperson_righthand": {
			"rotation": [67.5, 0, 0],
			"translation": [0, -0.75, -2.75],
			"scale": [0.5, 0.5, 0.5]
		},
		"thirdperson_lefthand": {
			"rotation": [68, 0, 0],
			"translation": [-6, -7, -2.25]
		},
		"firstperson_righthand": {
			"rotation": [0, 148, 0],
			"translation": [0, 0.25, 0],
			"scale": [0.5, 0.5, 0.5]
		},
		"firstperson_lefthand": {
			"rotation": [0, 148, 0],
			"translation": [0, 0.25, 0],
			"scale": [0.5, 0.5, 0.5]
		},
		"ground": {
			"translation": [0, -5, 0]
		},
		"gui": {
			"rotation": [26, -155, 0],
			"translation": [0, -5.25, 0],
			"scale": [0.95, 0.95, 0.95]
		},
		"head": {
			"translation": [0, 1.75, 0],
			"scale": [1.5, 1.5, 1.5]
		},
		"fixed": {
			"translation": [0, -6.5, 0]
		}
	},
	"groups": [
		{
			"name": "ducky ring",
			"origin": [0, 0, 0],
			"color": 0,
			"children": [
				{
					"name": "head",
					"origin": [0, 0, 0],
					"color": 0,
					"children": [0, 1, 2, 3, 4]
				},
				{
					"name": "tail",
					"origin": [0, 0, 0],
					"color": 0,
					"children": [5, 6]
				},
				{
					"name": "ring",
					"origin": [0, 0, 0],
					"color": 0,
					"children": [
						{
							"name": "upper",
							"origin": [0, 0, 0],
							"color": 0,
							"children": [7, 8, 9, 10]
						},
						{
							"name": "middle",
							"origin": [0, 0, 0],
							"color": 0,
							"children": [11, 12, 13, 14]
						},
						{
							"name": "lower",
							"origin": [0, 0, 0],
							"color": 0,
							"children": [15, 16, 17, 18]
						}
					]
				}
			]
		}
	]
}