{
	"credit": "Made with Blockbench",
	"texture_size": [32, 32],
	"textures": {
		"0": "beacon/global/item/cosmetic/pitchfork",
		"particle": "beacon/global/item/cosmetic/pitchfork"
	},
	"elements": [
		{
			"from": [4, 23, 7],
			"to": [5, 32, 9],
			"faces": {
				"north": {"uv": [0, 0, 0.5, 4.5], "texture": "#0"},
				"east": {"uv": [4, 5.5, 5, 10], "texture": "#0"},
				"south": {"uv": [4, 0, 4.5, 4.5], "texture": "#0"},
				"west": {"uv": [5, 5.5, 6, 10], "texture": "#0"},
				"up": {"uv": [6.5, 6.5, 6, 5.5], "texture": "#0"},
				"down": {"uv": [6.5, 6.5, 6, 7.5], "texture": "#0"}
			}
		},
		{
			"from": [11, 23, 7],
			"to": [12, 32, 9],
			"faces": {
				"north": {"uv": [3.5, 0, 4, 4.5], "texture": "#0"},
				"east": {"uv": [4, 5.5, 5, 10], "texture": "#0"},
				"south": {"uv": [7.5, 0, 8, 4.5], "texture": "#0"},
				"west": {"uv": [5, 5.5, 6, 10], "texture": "#0"},
				"up": {"uv": [10, 6.5, 9.5, 5.5], "texture": "#0"},
				"down": {"uv": [10, 6.5, 9.5, 7.5], "texture": "#0"}
			}
		},
		{
			"from": [4, 21, 7],
			"to": [12, 23, 9],
			"faces": {
				"north": {"uv": [0, 4.5, 4, 5.5], "texture": "#0"},
				"east": {"uv": [4, 10, 5, 11], "texture": "#0"},
				"south": {"uv": [4, 4.5, 8, 5.5], "texture": "#0"},
				"west": {"uv": [5, 10, 6, 11], "texture": "#0"},
				"up": {"uv": [10, 6.5, 6, 5.5], "texture": "#0"},
				"down": {"uv": [10, 6.5, 6, 7.5], "texture": "#0"}
			}
		},
		{
			"from": [6.35, 23, 7],
			"to": [7.35, 31, 9],
			"faces": {
				"north": {"uv": [1, 0.5, 1.5, 4.5], "texture": "#0"},
				"east": {"uv": [4, 6, 5, 10], "texture": "#0"},
				"south": {"uv": [5, 0.5, 5.5, 4.5], "texture": "#0"},
				"west": {"uv": [5, 6, 6, 10], "texture": "#0"},
				"up": {"uv": [7.5, 6.5, 7, 5.5], "texture": "#0"},
				"down": {"uv": [7.5, 6.5, 7, 7.5], "texture": "#0"}
			}
		},
		{
			"from": [8.65, 23, 7],
			"to": [9.65, 31, 9],
			"faces": {
				"north": {"uv": [3, 0.5, 3.5, 4.5], "texture": "#0"},
				"east": {"uv": [4, 6, 5, 10], "texture": "#0"},
				"south": {"uv": [6.5, 0.5, 7, 4.5], "texture": "#0"},
				"west": {"uv": [5, 6, 6, 10], "texture": "#0"},
				"up": {"uv": [9, 6.5, 8.5, 5.5], "texture": "#0"},
				"down": {"uv": [9, 6.5, 8.5, 7.5], "texture": "#0"}
			}
		},
		{
			"from": [7, 0, 7],
			"to": [9, 21, 9],
			"faces": {
				"north": {"uv": [0, 5.5, 1, 16], "texture": "#0"},
				"east": {"uv": [1, 5.5, 2, 16], "texture": "#0"},
				"south": {"uv": [2, 5.5, 3, 16], "texture": "#0"},
				"west": {"uv": [3, 5.5, 4, 16], "texture": "#0"},
				"up": {"uv": [7, 8.5, 6, 7.5], "texture": "#0"},
				"down": {"uv": [8, 7.5, 7, 8.5], "texture": "#0"}
			}
		}
	],
	"display": {
		"thirdperson_righthand": {
			"scale": [4, 4, 4]
		},
		"thirdperson_lefthand": {
			"scale": [4, 4, 4]
		},
		"firstperson_righthand": {
			"scale": [4, 4, 1]
		},
		"firstperson_lefthand": {
			"scale": [4, 4, 1]
		},
		"ground": {
			"translation": [0, 18.25, 0],
			"scale": [2.5, 2.5, 2.5]
		},
		"gui": {
			"rotation": [34, -135, 0]
		},
		"head": {
			"scale": [3, 3, 3]
		},
		"fixed": {
			"scale": [2.5, 2.5, 2.5]
		}
	},
	"groups": [
		{
			"name": "bowl",
			"origin": [0, 0, 0],
			"color": 0,
			"children": [0, 1, 2, 3, 4]
		},
		{
			"name": "handle",
			"origin": [0, 0, 0],
			"color": 0,
			"children": [5]
		}
	]
}