{
	"credit": "Made with Blockbench",
	"textures": {
		"1": "beacon/item/arm_floatie",
		"particle": "beacon/item/arm_floatie"
	},
	"elements": [
		{
			"from": [11.5, 13.5, 5.5],
			"to": [16.5, 17.5, 10.5],
			"faces": {
				"north": {"uv": [5, 0, 10, 4], "texture": "#1"},
				"east": {"uv": [5, 4, 10, 8], "texture": "#1"},
				"south": {"uv": [5, 8, 10, 12], "texture": "#1"},
				"west": {"uv": [0, 10, 5, 14], "texture": "#1"},
				"up": {"uv": [5, 5, 0, 0], "texture": "#1"},
				"down": {"uv": [5, 5, 0, 10], "texture": "#1"}
			}
		}
	],
	"display": {
		"thirdperson_righthand": {
			"rotation": [90, 0, 0],
			"translation": [0, -2, 5.25]
		}
	},
	"groups": [
		{
			"name": "arm_floatie",
			"origin": [8, 8, 8],
			"color": 0,
			"children": [0]
		}
	]
}