{
	"credit": "Made with Blockbench",
	"textures": {
		"0": "minecraft:beacon/item/level-up",
		"particle": "minecraft:beacon/item/level-up"
	},
	"elements": [
		{
			"from": [19, 8.5, 7.5],
			"to": [20, 14.5, 8.5],
			"rotation": {"angle": 0, "axis": "y", "origin": [-0.5, 1.5, 7.5]},
			"faces": {
				"north": {"uv": [0.25, 0.25, 0.75, 0.75], "texture": "#0"},
				"east": {"uv": [1.25, 0.25, 1.75, 0.75], "texture": "#0"},
				"south": {"uv": [2.25, 0.25, 2.75, 0.75], "texture": "#0"},
				"west": {"uv": [3.25, 0.25, 3.75, 0.75], "texture": "#0"},
				"up": {"uv": [4.25, 0.25, 4.75, 0.75], "texture": "#0"},
				"down": {"uv": [5.25, 0.25, 5.75, 0.75], "texture": "#0"}
			}
		},
		{
			"from": [16, 8.5, 7.5],
			"to": [19, 9.5, 8.5],
			"rotation": {"angle": 0, "axis": "y", "origin": [-0.5, 1.5, 7.5]},
			"faces": {
				"north": {"uv": [6.25, 0.25, 6.75, 0.75], "texture": "#0"},
				"east": {"uv": [7.25, 0.25, 7.75, 0.75], "texture": "#0"},
				"south": {"uv": [8.25, 0.25, 8.75, 0.75], "texture": "#0"},
				"west": {"uv": [9.25, 0.25, 9.75, 0.75], "texture": "#0"},
				"up": {"uv": [10.25, 0.25, 10.75, 0.75], "texture": "#0"},
				"down": {"uv": [11.25, 0.25, 11.75, 0.75], "texture": "#0"}
			}
		},
		{
			"from": [14, 8.5, 7.5],
			"to": [15, 14.5, 8.5],
			"rotation": {"angle": 0, "axis": "y", "origin": [-0.5, 1.5, 7.5]},
			"faces": {
				"north": {"uv": [12.25, 0.25, 12.75, 0.75], "texture": "#0"},
				"east": {"uv": [13.25, 0.25, 13.75, 0.75], "texture": "#0"},
				"south": {"uv": [14.25, 0.25, 14.75, 0.75], "texture": "#0"},
				"west": {"uv": [15.25, 0.25, 15.75, 0.75], "texture": "#0"},
				"up": {"uv": [0.25, 1.25, 0.75, 1.75], "texture": "#0"},
				"down": {"uv": [1.25, 1.25, 1.75, 1.75], "texture": "#0"}
			}
		},
		{
			"from": [11, 8.5, 7.5],
			"to": [14, 9.5, 8.5],
			"rotation": {"angle": 0, "axis": "y", "origin": [-0.5, 1.5, 7.5]},
			"faces": {
				"north": {"uv": [2.25, 1.25, 2.75, 1.75], "texture": "#0"},
				"east": {"uv": [3.25, 1.25, 3.75, 1.75], "texture": "#0"},
				"south": {"uv": [4.25, 1.25, 4.75, 1.75], "texture": "#0"},
				"west": {"uv": [5.25, 1.25, 5.75, 1.75], "texture": "#0"},
				"up": {"uv": [6.25, 1.25, 6.75, 1.75], "texture": "#0"},
				"down": {"uv": [7.25, 1.25, 7.75, 1.75], "texture": "#0"}
			}
		},
		{
			"from": [11, 11, 7.5],
			"to": [14, 12, 8.5],
			"rotation": {"angle": 0, "axis": "y", "origin": [-0.5, 1.5, 7.5]},
			"faces": {
				"north": {"uv": [8.25, 1.25, 8.75, 1.75], "texture": "#0"},
				"east": {"uv": [9.25, 1.25, 9.75, 1.75], "texture": "#0"},
				"south": {"uv": [10.25, 1.25, 10.75, 1.75], "texture": "#0"},
				"west": {"uv": [11.25, 1.25, 11.75, 1.75], "texture": "#0"},
				"up": {"uv": [12.25, 1.25, 12.75, 1.75], "texture": "#0"},
				"down": {"uv": [13.25, 1.25, 13.75, 1.75], "texture": "#0"}
			}
		},
		{
			"from": [11, 13.5, 7.5],
			"to": [14, 14.5, 8.5],
			"rotation": {"angle": 0, "axis": "y", "origin": [-0.5, 1.5, 7.5]},
			"faces": {
				"north": {"uv": [14.25, 1.25, 14.75, 1.75], "texture": "#0"},
				"east": {"uv": [15.25, 1.25, 15.75, 1.75], "texture": "#0"},
				"south": {"uv": [0.25, 2.25, 0.75, 2.75], "texture": "#0"},
				"west": {"uv": [1.25, 2.25, 1.75, 2.75], "texture": "#0"},
				"up": {"uv": [2.25, 2.25, 2.75, 2.75], "texture": "#0"},
				"down": {"uv": [3.25, 2.25, 3.75, 2.75], "texture": "#0"}
			}
		},
		{
			"from": [8, 9.5, 7.5],
			"to": [9, 11.5, 8.5],
			"rotation": {"angle": 0, "axis": "y", "origin": [-0.5, 1.5, 7.5]},
			"faces": {
				"north": {"uv": [4.25, 2.25, 4.75, 2.75], "texture": "#0"},
				"east": {"uv": [5.25, 2.25, 5.75, 2.75], "texture": "#0"},
				"south": {"uv": [6.25, 2.25, 6.75, 2.75], "texture": "#0"},
				"west": {"uv": [7.25, 2.25, 7.75, 2.75], "texture": "#0"},
				"up": {"uv": [8.25, 2.25, 8.75, 2.75], "texture": "#0"},
				"down": {"uv": [9.25, 2.25, 9.75, 2.75], "texture": "#0"}
			}
		},
		{
			"from": [6, 9.5, 7.5],
			"to": [7, 11.5, 8.5],
			"rotation": {"angle": 0, "axis": "y", "origin": [-0.5, 1.5, 7.5]},
			"faces": {
				"north": {"uv": [10.25, 2.25, 10.75, 2.75], "texture": "#0"},
				"east": {"uv": [11.25, 2.25, 11.75, 2.75], "texture": "#0"},
				"south": {"uv": [12.25, 2.25, 12.75, 2.75], "texture": "#0"},
				"west": {"uv": [13.25, 2.25, 13.75, 2.75], "texture": "#0"},
				"up": {"uv": [14.25, 2.25, 14.75, 2.75], "texture": "#0"},
				"down": {"uv": [15.25, 2.25, 15.75, 2.75], "texture": "#0"}
			}
		},
		{
			"from": [9, 11.5, 7.5],
			"to": [10, 14.5, 8.5],
			"rotation": {"angle": 0, "axis": "y", "origin": [-0.5, 1.5, 7.5]},
			"faces": {
				"north": {"uv": [0.25, 3.25, 0.75, 3.75], "texture": "#0"},
				"east": {"uv": [1.25, 3.25, 1.75, 3.75], "texture": "#0"},
				"south": {"uv": [2.25, 3.25, 2.75, 3.75], "texture": "#0"},
				"west": {"uv": [3.25, 3.25, 3.75, 3.75], "texture": "#0"},
				"up": {"uv": [4.25, 3.25, 4.75, 3.75], "texture": "#0"},
				"down": {"uv": [5.25, 3.25, 5.75, 3.75], "texture": "#0"}
			}
		},
		{
			"from": [5, 11.5, 7.5],
			"to": [6, 14.5, 8.5],
			"rotation": {"angle": 0, "axis": "y", "origin": [-0.5, 1.5, 7.5]},
			"faces": {
				"north": {"uv": [6.25, 3.25, 6.75, 3.75], "texture": "#0"},
				"east": {"uv": [7.25, 3.25, 7.75, 3.75], "texture": "#0"},
				"south": {"uv": [8.25, 3.25, 8.75, 3.75], "texture": "#0"},
				"west": {"uv": [9.25, 3.25, 9.75, 3.75], "texture": "#0"},
				"up": {"uv": [10.25, 3.25, 10.75, 3.75], "texture": "#0"},
				"down": {"uv": [11.25, 3.25, 11.75, 3.75], "texture": "#0"}
			}
		},
		{
			"from": [7, 8.5, 7.5],
			"to": [8, 9.5, 8.5],
			"rotation": {"angle": 0, "axis": "y", "origin": [-0.5, 1.5, 7.5]},
			"faces": {
				"north": {"uv": [12.25, 3.25, 12.75, 3.75], "texture": "#0"},
				"east": {"uv": [13.25, 3.25, 13.75, 3.75], "texture": "#0"},
				"south": {"uv": [14.25, 3.25, 14.75, 3.75], "texture": "#0"},
				"west": {"uv": [15.25, 3.25, 15.75, 3.75], "texture": "#0"},
				"up": {"uv": [0.25, 4.25, 0.75, 4.75], "texture": "#0"},
				"down": {"uv": [1.25, 4.25, 1.75, 4.75], "texture": "#0"}
			}
		},
		{
			"from": [3, 8.5, 7.5],
			"to": [4, 14.5, 8.5],
			"rotation": {"angle": 0, "axis": "y", "origin": [-0.5, 1.5, 7.5]},
			"faces": {
				"north": {"uv": [2.25, 4.25, 2.75, 4.75], "texture": "#0"},
				"east": {"uv": [3.25, 4.25, 3.75, 4.75], "texture": "#0"},
				"south": {"uv": [4.25, 4.25, 4.75, 4.75], "texture": "#0"},
				"west": {"uv": [5.25, 4.25, 5.75, 4.75], "texture": "#0"},
				"up": {"uv": [6.25, 4.25, 6.75, 4.75], "texture": "#0"},
				"down": {"uv": [7.25, 4.25, 7.75, 4.75], "texture": "#0"}
			}
		},
		{
			"from": [0, 8.5, 7.5],
			"to": [3, 9.5, 8.5],
			"rotation": {"angle": 0, "axis": "y", "origin": [-0.5, 1.5, 7.5]},
			"faces": {
				"north": {"uv": [8.25, 4.25, 8.75, 4.75], "texture": "#0"},
				"east": {"uv": [9.25, 4.25, 9.75, 4.75], "texture": "#0"},
				"south": {"uv": [10.25, 4.25, 10.75, 4.75], "texture": "#0"},
				"west": {"uv": [11.25, 4.25, 11.75, 4.75], "texture": "#0"},
				"up": {"uv": [12.25, 4.25, 12.75, 4.75], "texture": "#0"},
				"down": {"uv": [13.25, 4.25, 13.75, 4.75], "texture": "#0"}
			}
		},
		{
			"from": [0, 11, 7.5],
			"to": [3, 12, 8.5],
			"rotation": {"angle": 0, "axis": "y", "origin": [-0.5, 1.5, 7.5]},
			"faces": {
				"north": {"uv": [14.25, 4.25, 14.75, 4.75], "texture": "#0"},
				"east": {"uv": [15.25, 4.25, 15.75, 4.75], "texture": "#0"},
				"south": {"uv": [0.25, 5.25, 0.75, 5.75], "texture": "#0"},
				"west": {"uv": [1.25, 5.25, 1.75, 5.75], "texture": "#0"},
				"up": {"uv": [2.25, 5.25, 2.75, 5.75], "texture": "#0"},
				"down": {"uv": [3.25, 5.25, 3.75, 5.75], "texture": "#0"}
			}
		},
		{
			"from": [0, 13.5, 7.5],
			"to": [3, 14.5, 8.5],
			"rotation": {"angle": 0, "axis": "y", "origin": [-0.5, 1.5, 7.5]},
			"faces": {
				"north": {"uv": [4.25, 5.25, 4.75, 5.75], "texture": "#0"},
				"east": {"uv": [5.25, 5.25, 5.75, 5.75], "texture": "#0"},
				"south": {"uv": [6.25, 5.25, 6.75, 5.75], "texture": "#0"},
				"west": {"uv": [7.25, 5.25, 7.75, 5.75], "texture": "#0"},
				"up": {"uv": [8.25, 5.25, 8.75, 5.75], "texture": "#0"},
				"down": {"uv": [9.25, 5.25, 9.75, 5.75], "texture": "#0"}
			}
		},
		{
			"from": [-2, 8.5, 7.5],
			"to": [-1, 14.5, 8.5],
			"rotation": {"angle": 0, "axis": "y", "origin": [-0.5, 1.5, 7.5]},
			"faces": {
				"north": {"uv": [10.25, 5.25, 10.75, 5.75], "texture": "#0"},
				"east": {"uv": [11.25, 5.25, 11.75, 5.75], "texture": "#0"},
				"south": {"uv": [12.25, 5.25, 12.75, 5.75], "texture": "#0"},
				"west": {"uv": [13.25, 5.25, 13.75, 5.75], "texture": "#0"},
				"up": {"uv": [14.25, 5.25, 14.75, 5.75], "texture": "#0"},
				"down": {"uv": [15.25, 5.25, 15.75, 5.75], "texture": "#0"}
			}
		},
		{
			"from": [-5, 8.5, 7.5],
			"to": [-2, 9.5, 8.5],
			"rotation": {"angle": 0, "axis": "y", "origin": [-0.5, 1.5, 7.5]},
			"faces": {
				"north": {"uv": [0.25, 6.25, 0.75, 6.75], "texture": "#0"},
				"east": {"uv": [1.25, 6.25, 1.75, 6.75], "texture": "#0"},
				"south": {"uv": [2.25, 6.25, 2.75, 6.75], "texture": "#0"},
				"west": {"uv": [3.25, 6.25, 3.75, 6.75], "texture": "#0"},
				"up": {"uv": [4.25, 6.25, 4.75, 6.75], "texture": "#0"},
				"down": {"uv": [5.25, 6.25, 5.75, 6.75], "texture": "#0"}
			}
		},
		{
			"from": [8, 2.5, 7.5],
			"to": [9, 7.5, 8.5],
			"rotation": {"angle": 0, "axis": "y", "origin": [-0.5, 1.5, 7.5]},
			"faces": {
				"north": {"uv": [6.25, 6.25, 6.75, 6.75], "texture": "#0"},
				"east": {"uv": [7.25, 6.25, 7.75, 6.75], "texture": "#0"},
				"south": {"uv": [8.25, 6.25, 8.75, 6.75], "texture": "#0"},
				"west": {"uv": [9.25, 6.25, 9.75, 6.75], "texture": "#0"},
				"up": {"uv": [10.25, 6.25, 10.75, 6.75], "texture": "#0"},
				"down": {"uv": [11.25, 6.25, 11.75, 6.75], "texture": "#0"}
			}
		},
		{
			"from": [11, 2.5, 7.5],
			"to": [12, 7.5, 8.5],
			"rotation": {"angle": 0, "axis": "y", "origin": [-0.5, 1.5, 7.5]},
			"faces": {
				"north": {"uv": [12.25, 6.25, 12.75, 6.75], "texture": "#0"},
				"east": {"uv": [13.25, 6.25, 13.75, 6.75], "texture": "#0"},
				"south": {"uv": [14.25, 6.25, 14.75, 6.75], "texture": "#0"},
				"west": {"uv": [15.25, 6.25, 15.75, 6.75], "texture": "#0"},
				"up": {"uv": [0.25, 7.25, 0.75, 7.75], "texture": "#0"},
				"down": {"uv": [1.25, 7.25, 1.75, 7.75], "texture": "#0"}
			}
		},
		{
			"from": [9, 1.5, 7.5],
			"to": [11, 2.5, 8.5],
			"rotation": {"angle": 0, "axis": "y", "origin": [-0.5, 1.5, 7.5]},
			"faces": {
				"north": {"uv": [2.25, 7.25, 2.75, 7.75], "texture": "#0"},
				"east": {"uv": [3.25, 7.25, 3.75, 7.75], "texture": "#0"},
				"south": {"uv": [4.25, 7.25, 4.75, 7.75], "texture": "#0"},
				"west": {"uv": [5.25, 7.25, 5.75, 7.75], "texture": "#0"},
				"up": {"uv": [6.25, 7.25, 6.75, 7.75], "texture": "#0"},
				"down": {"uv": [7.25, 7.25, 7.75, 7.75], "texture": "#0"}
			}
		},
		{
			"from": [6, 1.5, 7.5],
			"to": [7, 7.5, 8.5],
			"rotation": {"angle": 0, "axis": "y", "origin": [-0.5, 1.5, 7.5]},
			"faces": {
				"north": {"uv": [8.25, 7.25, 8.75, 7.75], "texture": "#0"},
				"east": {"uv": [9.25, 7.25, 9.75, 7.75], "texture": "#0"},
				"south": {"uv": [10.25, 7.25, 10.75, 7.75], "texture": "#0"},
				"west": {"uv": [11.25, 7.25, 11.75, 7.75], "texture": "#0"},
				"up": {"uv": [12.25, 7.25, 12.75, 7.75], "texture": "#0"},
				"down": {"uv": [13.25, 7.25, 13.75, 7.75], "texture": "#0"}
			}
		},
		{
			"from": [4, 6.5, 7.5],
			"to": [6, 7.5, 8.5],
			"rotation": {"angle": 0, "axis": "y", "origin": [-0.5, 1.5, 7.5]},
			"faces": {
				"north": {"uv": [14.25, 7.25, 14.75, 7.75], "texture": "#0"},
				"east": {"uv": [15.25, 7.25, 15.75, 7.75], "texture": "#0"},
				"south": {"uv": [0.25, 8.25, 0.75, 8.75], "texture": "#0"},
				"west": {"uv": [1.25, 8.25, 1.75, 8.75], "texture": "#0"},
				"up": {"uv": [2.25, 8.25, 2.75, 8.75], "texture": "#0"},
				"down": {"uv": [3.25, 8.25, 3.75, 8.75], "texture": "#0"}
			}
		},
		{
			"from": [4, 3.5, 7.5],
			"to": [6, 4.5, 8.5],
			"rotation": {"angle": 0, "axis": "y", "origin": [-0.5, 1.5, 7.5]},
			"faces": {
				"north": {"uv": [4.25, 8.25, 4.75, 8.75], "texture": "#0"},
				"east": {"uv": [5.25, 8.25, 5.75, 8.75], "texture": "#0"},
				"south": {"uv": [6.25, 8.25, 6.75, 8.75], "texture": "#0"},
				"west": {"uv": [7.25, 8.25, 7.75, 8.75], "texture": "#0"},
				"up": {"uv": [8.25, 8.25, 8.75, 8.75], "texture": "#0"},
				"down": {"uv": [9.25, 8.25, 9.75, 8.75], "texture": "#0"}
			}
		},
		{
			"from": [3, 4.5, 7.5],
			"to": [4, 6.5, 8.5],
			"rotation": {"angle": 0, "axis": "y", "origin": [-0.5, 1.5, 7.5]},
			"faces": {
				"north": {"uv": [10.25, 8.25, 10.75, 8.75], "texture": "#0"},
				"east": {"uv": [11.25, 8.25, 11.75, 8.75], "texture": "#0"},
				"south": {"uv": [12.25, 8.25, 12.75, 8.75], "texture": "#0"},
				"west": {"uv": [13.25, 8.25, 13.75, 8.75], "texture": "#0"},
				"up": {"uv": [14.25, 8.25, 14.75, 8.75], "texture": "#0"},
				"down": {"uv": [15.25, 8.25, 15.75, 8.75], "texture": "#0"}
			}
		}
	],
	"display": {
		"thirdperson_righthand": {
			"rotation": [0, 180, 0],
			"translation": [0, 7.25, 0]
		},
		"thirdperson_lefthand": {
			"rotation": [0, 180, 0],
			"translation": [0, 7.25, 0]
		},
		"firstperson_righthand": {
			"rotation": [0, 180, 0],
			"translation": [-9.25, 8.25, 0],
			"scale": [0.75, 0.75, 0.75]
		},
		"firstperson_lefthand": {
			"rotation": [0, 180, 0],
			"translation": [-9.25, 8.25, 0],
			"scale": [0.75, 0.75, 0.75]
		},
		"ground": {
			"translation": [0, 3.75, 0]
		},
		"gui": {
			"rotation": [-20, 180, 0],
			"translation": [-0.25, 0, 0],
			"scale": [0.6, 0.6, 0.6]
		}
	},
	"groups": [
		{
			"name": "Level Up",
			"origin": [-0.5, 1.5, 7.5],
			"color": 0,
			"children": [
				{
					"name": "Level",
					"origin": [7.5, 9.5, 15.5],
					"color": 0,
					"children": [
						{
							"name": "L",
							"origin": [7.5, 9.5, 15.5],
							"color": 0,
							"children": [0, 1]
						},
						{
							"name": "E",
							"origin": [7.5, 9.5, 15.5],
							"color": 0,
							"children": [2, 3, 4, 5]
						},
						{
							"name": "V",
							"origin": [7.5, 9.5, 15.5],
							"color": 0,
							"children": [6, 7, 8, 9, 10]
						},
						{
							"name": "E",
							"origin": [7.5, 9.5, 15.5],
							"color": 0,
							"children": [11, 12, 13, 14]
						},
						{
							"name": "L",
							"origin": [7.5, 9.5, 15.5],
							"color": 0,
							"children": [15, 16]
						}
					]
				},
				{
					"name": "Up",
					"origin": [-0.5, 1.5, 7.5],
					"color": 0,
					"children": [
						{
							"name": "U",
							"origin": [-0.5, 1.5, 7.5],
							"color": 0,
							"children": [17, 18, 19]
						},
						{
							"name": "P",
							"origin": [-0.5, 1.5, 7.5],
							"color": 0,
							"children": [20, 21, 22, 23]
						}
					]
				}
			]
		}
	]
}