{
	"credit": "Made with Blockbench",
	"texture_size": [32, 32],
	"textures": {
		"0": "beacon/item/pumpkin_medium",
		"1": "beacon/item/pumpkin_medium_candle",
		"particle": "beacon/item/pumpkin_medium"
	},
	"elements": [
		{
			"from": [2, 0, 2],
			"to": [14, 16, 14],
			"rotation": {"angle": 0, "axis": "y", "origin": [8, 8, 8]},
			"faces": {
				"north": {"uv": [8, 0, 12, 5.33333], "texture": "#0"},
				"east": {"uv": [0, 0, 4, 5.33333], "texture": "#0"},
				"south": {"uv": [0, 0, 4, 5.33333], "texture": "#0"},
				"west": {"uv": [0, 0, 4, 5.33333], "texture": "#0"},
				"up": {"uv": [8, 4, 4, 0], "rotation": 270, "texture": "#0"},
				"down": {"uv": [8, 4, 4, 8], "rotation": 90, "texture": "#0"}
			}
		},
		{
			"from": [7, 16, 7],
			"to": [9, 18, 9],
			"rotation": {"angle": 0, "axis": "y", "origin": [8, 8, 8]},
			"faces": {
				"north": {"uv": [0, 6, 0.66667, 6.66667], "texture": "#0"},
				"east": {"uv": [0.66667, 5.33333, 1.33333, 6], "texture": "#0"},
				"south": {"uv": [0.66667, 6, 1.33333, 6.66667], "texture": "#0"},
				"west": {"uv": [0, 5.33333, 0.66667, 6], "texture": "#0"},
				"up": {"uv": [0.66667, 7.33333, 0, 6.66667], "rotation": 270, "texture": "#0"},
				"down": {"uv": [2, 5.33333, 1.33333, 6], "rotation": 90, "texture": "#0"}
			}
		},
		{
			"from": [2, 0, 2.9],
			"to": [14, 16, 2.9],
			"rotation": {"angle": 0, "axis": "y", "origin": [8, 8, 8]},
			"faces": {
				"north": {"uv": [0, 0, 6, 8], "texture": "#1"},
				"east": {"uv": [0, 0, 0, 8], "texture": "#1"},
				"south": {"uv": [6, 0, 12, 8], "texture": "#1"},
				"west": {"uv": [0, 0, 0, 8], "texture": "#1"},
				"up": {"uv": [0, 6, 0, 0], "rotation": 270, "texture": "#1"},
				"down": {"uv": [0, 0, 0, 6], "rotation": 90, "texture": "#1"}
			}
		}
	],
	"display": {
		"thirdperson_righthand": {
			"translation": [0, 0.75, 0],
			"scale": [0.5, 0.5, 0.5]
		},
		"thirdperson_lefthand": {
			"translation": [0, 0.75, 0],
			"scale": [0.5, 0.5, 0.5]
		},
		"firstperson_righthand": {
			"rotation": [0, 180, 0],
			"translation": [-2.75, 3.5, 1],
			"scale": [0.5, 0.5, 0.5]
		},
		"firstperson_lefthand": {
			"rotation": [0, 180, 0],
			"translation": [-2.75, 3.5, 1],
			"scale": [0.5, 0.5, 0.5]
		},
		"ground": {
			"translation": [0, 1.25, 0],
			"scale": [0.5, 0.5, 0.5]
		},
		"gui": {
			"rotation": [22, -136, 0],
			"translation": [0, -0.25, 0],
			"scale": [0.7, 0.7, 0.7]
		},
		"head": {
			"scale": [1.25, 1.25, 1.25]
		},
		"fixed": {
			"translation": [0, -0.75, 0]
		}
	}
}