{
	"credit": "Made with Blockbench",
	"texture_size": [32, 32],
	"textures": {
		"0": "beacon/item/shoulder_pets/shoulder_pet_penguin",
		"particle": "beacon/item/shoulder_pets/shoulder_pet_penguin"
	},
	"elements": [
		{
			"from": [10.75, 5.25, 7.85],
			"to": [11.75, 10.25, 10.65],
			"rotation": {"angle": 22.5, "axis": "z", "origin": [10.5, 6.75, 9.25]},
			"faces": {
				"north": {"uv": [4, 5.5, 4.5, 8], "texture": "#0"},
				"east": {"uv": [3, 3, 4.5, 5.5], "texture": "#0"},
				"south": {"uv": [1.5, 7.5, 2, 10], "texture": "#0"},
				"west": {"uv": [4, 0, 5.5, 2.5], "texture": "#0"},
				"up": {"uv": [8, 1.5, 7.5, 0], "texture": "#0"},
				"down": {"uv": [3.5, 7.5, 3, 9], "texture": "#0"}
			}
		},
		{
			"from": [4.25, 5.25, 7.85],
			"to": [5.25, 10.25, 10.65],
			"rotation": {"angle": -22.5, "axis": "z", "origin": [5.5, 6.75, 9.25]},
			"faces": {
				"north": {"uv": [2, 7.5, 2.5, 10], "texture": "#0"},
				"east": {"uv": [4.5, 2.5, 6, 5], "texture": "#0"},
				"south": {"uv": [2.5, 7.5, 3, 10], "texture": "#0"},
				"west": {"uv": [4.5, 5, 6, 7.5], "texture": "#0"},
				"up": {"uv": [4, 9, 3.5, 7.5], "texture": "#0"},
				"down": {"uv": [5, 7.5, 4.5, 9], "texture": "#0"}
			}
		},
		{
			"from": [6, 4.25, 7.75],
			"to": [10, 10.25, 10.75],
			"rotation": {"angle": 0, "axis": "y", "origin": [0, 4.25, 0.75]},
			"faces": {
				"north": {"uv": [0, 0, 2, 3], "texture": "#0"},
				"east": {"uv": [0, 3, 1.5, 6], "texture": "#0"},
				"south": {"uv": [2, 0, 4, 3], "texture": "#0"},
				"west": {"uv": [1.5, 3, 3, 6], "texture": "#0"},
				"up": {"uv": [7.5, 1.5, 5.5, 0], "texture": "#0"},
				"down": {"uv": [2, 6, 0, 7.5], "texture": "#0"}
			}
		},
		{
			"from": [9, 4.25, 6.75],
			"to": [10, 4.25, 7.75],
			"rotation": {"angle": 0, "axis": "y", "origin": [0, 4.25, 0.75]},
			"faces": {
				"north": {"uv": [0, 0, 0.5, 0], "texture": "#0"},
				"east": {"uv": [0, 0, 0.5, 0], "texture": "#0"},
				"south": {"uv": [0, 0, 0.5, 0], "texture": "#0"},
				"west": {"uv": [0, 0, 0.5, 0], "texture": "#0"},
				"up": {"uv": [4.5, 3, 4, 2.5], "texture": "#0"},
				"down": {"uv": [6, 1.5, 5.5, 2], "texture": "#0"}
			}
		},
		{
			"from": [6, 4.25, 6.75],
			"to": [7, 4.25, 7.75],
			"rotation": {"angle": 0, "axis": "y", "origin": [0, 4.25, 0.75]},
			"faces": {
				"north": {"uv": [0, 0, 0.5, 0], "texture": "#0"},
				"east": {"uv": [0, 0, 0.5, 0], "texture": "#0"},
				"south": {"uv": [0, 0, 0.5, 0], "texture": "#0"},
				"west": {"uv": [0, 0, 0.5, 0], "texture": "#0"},
				"up": {"uv": [6, 2.5, 5.5, 2], "texture": "#0"},
				"down": {"uv": [8, 6.5, 7.5, 7], "texture": "#0"}
			}
		},
		{
			"from": [6, 10.25, 7.25],
			"to": [10, 13.25, 10.25],
			"rotation": {"angle": 0, "axis": "y", "origin": [0, 4.25, 0.75]},
			"faces": {
				"north": {"uv": [6, 1.5, 8, 3], "texture": "#0"},
				"east": {"uv": [6, 6, 7.5, 7.5], "texture": "#0"},
				"south": {"uv": [2, 6, 4, 7.5], "texture": "#0"},
				"west": {"uv": [0, 7.5, 1.5, 9], "texture": "#0"},
				"up": {"uv": [8, 4.5, 6, 3], "texture": "#0"},
				"down": {"uv": [8, 4.5, 6, 6], "texture": "#0"}
			}
		},
		{
			"name": "beak",
			"from": [7, 10.25, 6.25],
			"to": [9, 11.25, 7.25],
			"rotation": {"angle": 0, "axis": "y", "origin": [0, 4.25, 0.75]},
			"faces": {
				"north": {"uv": [3, 5.5, 4, 6], "texture": "#0"},
				"east": {"uv": [7, 7.5, 7.5, 8], "texture": "#0"},
				"south": {"uv": [5, 7.5, 6, 8], "texture": "#0"},
				"west": {"uv": [7.5, 7, 8, 7.5], "texture": "#0"},
				"up": {"uv": [7, 8, 6, 7.5], "texture": "#0"},
				"down": {"uv": [8.5, 6, 7.5, 6.5], "texture": "#0"}
			}
		}
	],
	"display": {
		"thirdperson_righthand": {
			"rotation": [90, 0, 0],
			"translation": [0.25, -1.5, 13.25],
			"scale": [0.5, 0.5, 0.5]
		},
		"thirdperson_lefthand": {
			"rotation": [90, 0, 0],
			"translation": [0.25, -1.5, 13.25],
			"scale": [0.5, 0.5, 0.5]
		},
		"firstperson_righthand": {
			"rotation": [0, 130, 0],
			"translation": [0, 4.25, 0]
		},
		"firstperson_lefthand": {
			"rotation": [0, 130, 0],
			"translation": [0, 4.25, 0]
		},
		"gui": {
			"rotation": [20, 158, 0],
			"translation": [-0.75, -1, 0]
		},
		"head": {
			"translation": [0, 10.25, 0]
		},
		"fixed": {
			"rotation": [-90, 0, 0],
			"translation": [0, -2, -8],
			"scale": [2, 2, 2]
		}
	},
	"groups": [
		{
			"name": "wings",
			"origin": [0, 0, 0],
			"color": 0,
			"children": [0, 1]
		},
		{
			"name": "body",
			"origin": [0, 0, 0],
			"color": 0,
			"children": [2]
		},
		{
			"name": "feet",
			"origin": [0, 0, 0],
			"color": 0,
			"children": [3, 4]
		},
		{
			"name": "head",
			"origin": [0, 0, 0],
			"color": 0,
			"children": [5, 6]
		}
	]
}