{
	"credit": "Made with Blockbench",
	"texture_size": [32, 32],
	"textures": {
		"0": "beacon/item/shoulder_pets/shoulder_pet_skeleton",
		"particle": "beacon/item/shoulder_pets/shoulder_pet_skeleton"
	},
	"elements": [
		{
			"name": "head",
			"from": [6.5, 8.98757, 9.50592],
			"to": [9.5, 11.98757, 12.50592],
			"rotation": {"angle": 22.5, "axis": "x", "origin": [8, 10.68757, 11.20592]},
			"faces": {
				"north": {"uv": [0, 0, 1.5, 1.5], "texture": "#0"},
				"east": {"uv": [0, 1.5, 1.5, 3], "texture": "#0"},
				"south": {"uv": [1.5, 0, 3, 1.5], "texture": "#0"},
				"west": {"uv": [1.5, 1.5, 3, 3], "texture": "#0"},
				"up": {"uv": [1.5, 4.5, 0, 3], "texture": "#0"},
				"down": {"uv": [4.5, 0, 3, 1.5], "texture": "#0"}
			}
		},
		{
			"from": [9.5, 3.46109, 10.37952],
			"to": [10.5, 8.46109, 11.37952],
			"rotation": {"angle": -22.5, "axis": "x", "origin": [10, 6.76109, 9.57952]},
			"faces": {
				"north": {"uv": [2.5, 5, 3, 7], "texture": "#0"},
				"east": {"uv": [5, 4, 5.5, 6], "texture": "#0"},
				"south": {"uv": [4.5, 5, 5, 7], "texture": "#0"},
				"west": {"uv": [0, 5.5, 0.5, 7.5], "texture": "#0"},
				"up": {"uv": [6, 8, 5.5, 7.5], "texture": "#0"},
				"down": {"uv": [8, 5.5, 7.5, 6], "texture": "#0"}
			}
		},
		{
			"from": [5.5, 3.46109, 10.37952],
			"to": [6.5, 8.46109, 11.37952],
			"rotation": {"angle": -22.5, "axis": "x", "origin": [6, 6.76109, 9.57952]},
			"faces": {
				"north": {"uv": [0.5, 5.5, 1, 7.5], "texture": "#0"},
				"east": {"uv": [1, 5.5, 1.5, 7.5], "texture": "#0"},
				"south": {"uv": [5.5, 1, 6, 3], "texture": "#0"},
				"west": {"uv": [5.5, 4, 6, 6], "texture": "#0"},
				"up": {"uv": [6.5, 8, 6, 7.5], "texture": "#0"},
				"down": {"uv": [7, 7.5, 6.5, 8], "texture": "#0"}
			}
		},
		{
			"from": [6.5, 4.125, 9.5],
			"to": [9.5, 5.125, 10.5],
			"rotation": {"angle": 22.5, "axis": "x", "origin": [8, 8, 8.875]},
			"faces": {
				"north": {"uv": [6, 1, 7.5, 1.5], "texture": "#0"},
				"east": {"uv": [4, 7.5, 4.5, 8], "texture": "#0"},
				"south": {"uv": [6, 1.5, 7.5, 2], "texture": "#0"},
				"west": {"uv": [7.5, 4, 8, 4.5], "texture": "#0"},
				"up": {"uv": [7.5, 2.5, 6, 2], "texture": "#0"},
				"down": {"uv": [7.5, 2.5, 6, 3], "texture": "#0"}
			}
		},
		{
			"from": [7.5, 5.125, 9.5],
			"to": [8.5, 9.875, 10.5],
			"rotation": {"angle": 22.5, "axis": "x", "origin": [8, 8, 8.875]},
			"faces": {
				"north": {"uv": [4.5, 0, 5, 2.5], "texture": "#0"},
				"east": {"uv": [4.5, 2.5, 5, 5], "texture": "#0"},
				"south": {"uv": [3, 4.5, 3.5, 7], "texture": "#0"},
				"west": {"uv": [3.5, 4.5, 4, 7], "texture": "#0"},
				"up": {"uv": [5, 8, 4.5, 7.5], "texture": "#0"},
				"down": {"uv": [8, 4.5, 7.5, 5], "texture": "#0"}
			}
		},
		{
			"from": [6.5, 8.125, 10.25],
			"to": [9.5, 9.125, 10.25],
			"rotation": {"angle": 22.5, "axis": "x", "origin": [8, 8, 8.875]},
			"faces": {
				"north": {"uv": [5, 6, 6.5, 6.5], "texture": "#0"},
				"east": {"uv": [0, 0, 0, 0.5], "texture": "#0"},
				"south": {"uv": [6, 5, 7.5, 5.5], "texture": "#0"},
				"west": {"uv": [0, 0, 0, 0.5], "texture": "#0"},
				"up": {"uv": [1.5, 0, 0, 0], "texture": "#0"},
				"down": {"uv": [1.5, 0, 0, 0], "texture": "#0"}
			}
		},
		{
			"from": [6.5, 8.125, 8.75],
			"to": [9.5, 9.125, 10.25],
			"rotation": {"angle": 22.5, "axis": "x", "origin": [8, 8, 8.875]},
			"faces": {
				"north": {"uv": [6, 4, 7.5, 4.5], "texture": "#0"},
				"east": {"uv": [0, 7.5, 1, 8], "texture": "#0"},
				"south": {"uv": [6, 4.5, 7.5, 5], "texture": "#0"},
				"west": {"uv": [1, 7.5, 2, 8], "texture": "#0"}
			}
		},
		{
			"from": [6.5, 6.875, 10.25],
			"to": [9.5, 7.875, 10.25],
			"rotation": {"angle": 22.5, "axis": "x", "origin": [8, 8, 8.875]},
			"faces": {
				"north": {"uv": [6, 5.5, 7.5, 6], "texture": "#0"},
				"east": {"uv": [0, 0, 0, 0.5], "texture": "#0"},
				"south": {"uv": [5, 6.5, 6.5, 7], "texture": "#0"},
				"west": {"uv": [0, 0, 0, 0.5], "texture": "#0"},
				"up": {"uv": [1.5, 0, 0, 0], "texture": "#0"},
				"down": {"uv": [1.5, 0, 0, 0], "texture": "#0"}
			}
		},
		{
			"from": [6.5, 6.875, 8.75],
			"to": [9.5, 7.875, 10.25],
			"rotation": {"angle": 22.5, "axis": "x", "origin": [8, 8, 8.875]},
			"faces": {
				"north": {"uv": [6.5, 6, 8, 6.5], "texture": "#0"},
				"east": {"uv": [7.5, 1, 8.5, 1.5], "texture": "#0"},
				"south": {"uv": [6.5, 6.5, 8, 7], "texture": "#0"},
				"west": {"uv": [7.5, 1.5, 8.5, 2], "texture": "#0"}
			}
		},
		{
			"from": [6.5, 5.625, 10.25],
			"to": [9.5, 6.625, 10.25],
			"rotation": {"angle": 22.5, "axis": "x", "origin": [8, 8, 8.875]},
			"faces": {
				"north": {"uv": [7, 0, 8.5, 0.5], "texture": "#0"},
				"east": {"uv": [0, 0, 0, 0.5], "texture": "#0"},
				"south": {"uv": [7, 0.5, 8.5, 1], "texture": "#0"},
				"west": {"uv": [0, 0, 0, 0.5], "texture": "#0"},
				"up": {"uv": [1.5, 0, 0, 0], "texture": "#0"},
				"down": {"uv": [1.5, 0, 0, 0], "texture": "#0"}
			}
		},
		{
			"from": [6.5, 5.625, 8.75],
			"to": [9.5, 6.625, 10.25],
			"rotation": {"angle": 22.5, "axis": "x", "origin": [8, 8, 8.875]},
			"faces": {
				"north": {"uv": [1.5, 7, 3, 7.5], "texture": "#0"},
				"east": {"uv": [2, 7.5, 3, 8], "texture": "#0"},
				"south": {"uv": [3, 7, 4.5, 7.5], "texture": "#0"},
				"west": {"uv": [7.5, 2, 8.5, 2.5], "texture": "#0"}
			}
		},
		{
			"from": [6.5, 8.475, 9.6],
			"to": [9.5, 9.375, 10.45],
			"rotation": {"angle": 22.5, "axis": "x", "origin": [8, 8, 8.875]},
			"faces": {
				"north": {"uv": [7, 3, 8.5, 3.5], "texture": "#0"},
				"east": {"uv": [5, 7.5, 5.5, 8], "texture": "#0"},
				"south": {"uv": [7, 3.5, 8.5, 4], "texture": "#0"},
				"west": {"uv": [7.5, 5, 8, 5.5], "texture": "#0"},
				"up": {"uv": [6, 7.5, 4.5, 7], "texture": "#0"},
				"down": {"uv": [7.5, 7, 6, 7.5], "texture": "#0"}
			}
		},
		{
			"from": [6.5, 4.125, 5],
			"to": [7.5, 5.125, 8.5],
			"rotation": {"angle": 22.5, "axis": "y", "origin": [7, 4.625, 8.75]},
			"faces": {
				"north": {"uv": [4, 6.5, 4.5, 7], "texture": "#0"},
				"east": {"uv": [5, 0, 7, 0.5], "texture": "#0"},
				"south": {"uv": [7.5, 2.5, 8, 3], "texture": "#0"},
				"west": {"uv": [5, 0.5, 7, 1], "texture": "#0"},
				"up": {"uv": [4.5, 6.5, 4, 4.5], "texture": "#0"},
				"down": {"uv": [5.5, 1, 5, 3], "texture": "#0"}
			}
		},
		{
			"from": [8.5, 4.125, 5],
			"to": [9.5, 5.125, 8.5],
			"rotation": {"angle": -22.5, "axis": "y", "origin": [9, 4.625, 8.75]},
			"faces": {
				"north": {"uv": [3, 7.5, 3.5, 8], "texture": "#0"},
				"east": {"uv": [5, 3, 7, 3.5], "texture": "#0"},
				"south": {"uv": [3.5, 7.5, 4, 8], "texture": "#0"},
				"west": {"uv": [5, 3.5, 7, 4], "texture": "#0"},
				"up": {"uv": [2, 7, 1.5, 5], "texture": "#0"},
				"down": {"uv": [2.5, 5, 2, 7], "texture": "#0"}
			}
		}
	],
	"display": {
		"thirdperson_righthand": {
			"rotation": [90, 0, 0],
			"translation": [0, -1.5, 13.5],
			"scale": [0.5, 0.5, 0.5]
		},
		"thirdperson_lefthand": {
			"rotation": [90, 0, 0],
			"translation": [0, -1.5, 13.5],
			"scale": [0.5, 0.5, 0.5]
		},
		"firstperson_righthand": {
			"rotation": [0, 145, 0],
			"translation": [1, 4.5, 0]
		},
		"firstperson_lefthand": {
			"rotation": [0, 145, 0],
			"translation": [1, 4.5, 0]
		},
		"ground": {
			"translation": [0, 1.25, 0]
		},
		"gui": {
			"rotation": [30, 130, 0],
			"translation": [-0.5, 0, 0]
		},
		"head": {
			"translation": [0, 10.75, 0]
		},
		"fixed": {
			"rotation": [-90, 0, 0],
			"translation": [0, -1.25, -8.25],
			"scale": [2, 2, 2]
		}
	},
	"groups": [
		0,
		{
			"name": "arms",
			"origin": [8, 8, 8],
			"color": 0,
			"children": [1, 2]
		},
		{
			"name": "body",
			"origin": [8, 8, 8],
			"color": 0,
			"children": [
				3,
				4,
				{
					"name": "rib",
					"origin": [0, 0, 0],
					"color": 0,
					"children": [5, 6]
				},
				{
					"name": "rib",
					"origin": [0, 0, 0],
					"color": 0,
					"children": [7, 8]
				},
				{
					"name": "rib",
					"origin": [0, 0, 0],
					"color": 0,
					"children": [9, 10]
				},
				11
			]
		},
		{
			"name": "legs",
			"origin": [8, 8, 8],
			"color": 0,
			"children": [12, 13]
		}
	]
}