{
	"credit": "Made with Blockbench",
	"texture_size": [32, 32],
	"textures": {
		"1": "beacon/item/snake_pet"
	},
	"elements": [
		{
			"from": [0, 6.8125, 8.75],
			"to": [4, 9.8125, 9.75],
			"rotation": {"angle": 0, "axis": "y", "origin": [0, -16.6875, -0.25]},
			"faces": {
				"north": {"uv": [2.5, 1, 4, 2.5], "texture": "#1"},
				"east": {"uv": [7, 0, 7.5, 1.5], "texture": "#1"},
				"south": {"uv": [2.5, 2.5, 4, 4], "texture": "#1"},
				"west": {"uv": [1, 7, 1.5, 8.5], "texture": "#1"},
				"up": {"uv": [3, 7.5, 1.5, 7], "texture": "#1"},
				"down": {"uv": [8.5, 1.5, 7, 2], "texture": "#1"}
			}
		},
		{
			"from": [0.5, 6.0625, 8.75],
			"to": [3.5, 6.8125, 9.75],
			"rotation": {"angle": 0, "axis": "y", "origin": [0, -16.6875, -0.25]},
			"faces": {
				"north": {"uv": [2.5, 1, 4, 1.5], "texture": "#1"},
				"east": {"uv": [7, 0, 7.5, 1.5], "texture": "#1"},
				"south": {"uv": [2.5, 2.5, 4, 3], "texture": "#1"},
				"west": {"uv": [1, 7, 1.5, 8.5], "texture": "#1"},
				"up": {"uv": [3, 7.5, 1.5, 7], "texture": "#1"},
				"down": {"uv": [8.5, 1.5, 7, 2], "texture": "#1"}
			}
		},
		{
			"from": [2.25, 10.8125, 7.65],
			"to": [2.75, 11.5625, 7.9],
			"rotation": {"angle": 0, "axis": "y", "origin": [0, -16.6875, -0.25]},
			"faces": {
				"north": {"uv": [8.25, 0, 7.5, 1.375], "texture": "#1"},
				"east": {"uv": [0, 0, 0.125, 0.375], "texture": "#1"},
				"south": {"uv": [0, 0, 0.25, 0.375], "texture": "#1"},
				"west": {"uv": [0, 0, 0.125, 0.375], "texture": "#1"},
				"up": {"uv": [0, 0, 0.25, 0.125], "texture": "#1"},
				"down": {"uv": [0, 0, 0.25, 0.125], "texture": "#1"}
			}
		},
		{
			"from": [1.25, 10.8125, 7.65],
			"to": [1.75, 11.5625, 7.9],
			"rotation": {"angle": 0, "axis": "y", "origin": [0, -16.6875, -0.25]},
			"faces": {
				"north": {"uv": [7.5, 0, 8.25, 1.375], "texture": "#1"},
				"east": {"uv": [0, 0, 0.125, 0.375], "texture": "#1"},
				"south": {"uv": [0, 0, 0.25, 0.375], "texture": "#1"},
				"west": {"uv": [0, 0, 0.125, 0.375], "texture": "#1"},
				"up": {"uv": [0, 0, 0.25, 0.125], "texture": "#1"},
				"down": {"uv": [0, 0, 0.25, 0.125], "texture": "#1"}
			}
		},
		{
			"from": [1, 9.8125, 7.75],
			"to": [3, 11.8125, 9.75],
			"rotation": {"angle": 0, "axis": "y", "origin": [0, -16.6875, -0.25]},
			"faces": {
				"north": {"uv": [3, 5, 4, 6], "texture": "#1"},
				"east": {"uv": [4, 5, 5, 6], "texture": "#1"},
				"south": {"uv": [5, 5, 6, 6], "texture": "#1"},
				"west": {"uv": [5.5, 3, 6.5, 4], "texture": "#1"},
				"up": {"uv": [1, 7, 0, 6], "texture": "#1"},
				"down": {"uv": [7, 0, 6, 1], "texture": "#1"}
			}
		},
		{
			"from": [13, 3.8125, 4.75],
			"to": [14, 6.8125, 5.75],
			"rotation": {"angle": 0, "axis": "y", "origin": [0, -16.6875, -0.25]},
			"faces": {
				"north": {"uv": [3, 7, 3.5, 8.5], "texture": "#1"},
				"east": {"uv": [3.5, 7, 4, 8.5], "texture": "#1"},
				"south": {"uv": [4, 7, 4.5, 8.5], "texture": "#1"},
				"west": {"uv": [7, 4, 7.5, 5.5], "texture": "#1"},
				"up": {"uv": [7.5, 6.5, 7, 6], "texture": "#1"},
				"down": {"uv": [7, 7, 6.5, 7.5], "texture": "#1"}
			}
		},
		{
			"from": [11, 4.8125, 9.75],
			"to": [13, 6.8125, 11.75],
			"rotation": {"angle": 0, "axis": "y", "origin": [0, -16.6875, -0.25]},
			"faces": {
				"north": {"uv": [1, 6, 2, 7], "texture": "#1"},
				"east": {"uv": [6, 1, 7, 2], "texture": "#1"},
				"south": {"uv": [2, 6, 3, 7], "texture": "#1"},
				"west": {"uv": [6, 2, 7, 3], "texture": "#1"},
				"up": {"uv": [4, 7, 3, 6], "texture": "#1"},
				"down": {"uv": [5, 6, 4, 7], "texture": "#1"}
			}
		},
		{
			"from": [2, 4.8125, 9.75],
			"to": [5, 6.8125, 11.75],
			"rotation": {"angle": 0, "axis": "y", "origin": [0, -16.6875, -0.25]},
			"faces": {
				"north": {"uv": [3, 4, 4.5, 5], "texture": "#1"},
				"east": {"uv": [6, 4, 7, 5], "texture": "#1"},
				"south": {"uv": [4, 3, 5.5, 4], "texture": "#1"},
				"west": {"uv": [5, 6, 6, 7], "texture": "#1"},
				"up": {"uv": [6, 5, 4.5, 4], "texture": "#1"},
				"down": {"uv": [1.5, 5, 0, 6], "texture": "#1"}
			}
		},
		{
			"from": [1, 6.8125, 9.75],
			"to": [3, 9.8125, 10.75],
			"rotation": {"angle": 0, "axis": "y", "origin": [0, -16.6875, -0.25]},
			"faces": {
				"north": {"uv": [5, 0, 6, 1.5], "texture": "#1"},
				"east": {"uv": [4.5, 7, 5, 8.5], "texture": "#1"},
				"south": {"uv": [5, 1.5, 6, 3], "texture": "#1"},
				"west": {"uv": [5, 7, 5.5, 8.5], "texture": "#1"},
				"up": {"uv": [8, 2.5, 7, 2], "texture": "#1"},
				"down": {"uv": [8, 2.5, 7, 3], "texture": "#1"}
			}
		},
		{
			"from": [13, 6.8125, 4.75],
			"to": [14, 7.8125, 6.75],
			"rotation": {"angle": 0, "axis": "y", "origin": [0, -16.6875, -0.25]},
			"faces": {
				"north": {"uv": [7, 6.5, 7.5, 7], "texture": "#1"},
				"east": {"uv": [5.5, 7, 6.5, 7.5], "texture": "#1"},
				"south": {"uv": [7, 7, 7.5, 7.5], "texture": "#1"},
				"west": {"uv": [7, 5.5, 8, 6], "texture": "#1"},
				"up": {"uv": [2.5, 4, 2, 3], "texture": "#1"},
				"down": {"uv": [2, 5, 1.5, 6], "texture": "#1"}
			}
		},
		{
			"from": [12, 6.8125, 6.75],
			"to": [14, 8.8125, 10.75],
			"rotation": {"angle": 0, "axis": "y", "origin": [0, -16.6875, -0.25]},
			"faces": {
				"north": {"uv": [6, 5, 7, 6], "texture": "#1"},
				"east": {"uv": [0, 3, 2, 4], "texture": "#1"},
				"south": {"uv": [6, 6, 7, 7], "texture": "#1"},
				"west": {"uv": [0, 4, 2, 5], "texture": "#1"},
				"up": {"uv": [5, 3, 4, 1], "texture": "#1"},
				"down": {"uv": [3, 4, 2, 6], "texture": "#1"}
			}
		},
		{
			"from": [5, 3.8125, 9.75],
			"to": [11, 5.8125, 11.75],
			"rotation": {"angle": 0, "axis": "y", "origin": [0, -16.6875, -0.25]},
			"faces": {
				"north": {"uv": [0, 0, 2.5, 1], "texture": "#1"},
				"east": {"uv": [6.5, 3, 7.5, 4], "texture": "#1"},
				"south": {"uv": [0, 1, 2.5, 2], "texture": "#1"},
				"west": {"uv": [0, 7, 1, 8], "texture": "#1"},
				"up": {"uv": [2.5, 3, 0, 2], "texture": "#1"},
				"down": {"uv": [5, 0, 2.5, 1], "texture": "#1"}
			}
		}
	],
	"display": {
		"thirdperson_righthand": {
			"translation": [0, 1.5, 0],
			"scale": [0.5, 0.5, 0.5]
		},
		"thirdperson_lefthand": {
			"rotation": [74, 0, 0],
			"translation": [-6, -1, 12.75]
		},
		"firstperson_righthand": {
			"rotation": [0, 180, 0],
			"translation": [1, 0, -1.75],
			"scale": [-1, 1, 1]
		},
		"firstperson_lefthand": {
			"rotation": [0, 180, 0],
			"translation": [1, 0, -1.75]
		},
		"ground": {
			"translation": [0, 2, 0]
		},
		"gui": {
			"rotation": [32, -158, 0]
		},
		"head": {
			"translation": [1, 7.5, 4.5]
		},
		"fixed": {
			"translation": [0, 0, -2.75]
		}
	},
	"groups": [
		{
			"name": "snake",
			"origin": [0, -16.6875, -0.25],
			"color": 0,
			"children": [
				0,
				1,
				{
					"name": "head",
					"origin": [0, -16.6875, -0.25],
					"color": 0,
					"children": [2, 3, 4]
				},
				{
					"name": "body",
					"origin": [0, -16.6875, -0.25],
					"color": 0,
					"children": [5, 6, 7, 8, 9, 10, 11]
				}
			]
		}
	]
}