{
	"credit": "Made with Blockbench",
	"texture_size": [64, 64],
	"textures": {
		"1": "beacon/item/top_hat_ribbon",
		"2": "beacon/item/top_hat_long",
		"particle": "beacon/item/top_hat_long"
	},
	"elements": [
		{
			"name": "main",
			"from": [4, -16, 4],
			"to": [12, 32, 12],
			"rotation": {"angle": 0, "axis": "y", "origin": [0, 5.25, 0]},
			"faces": {
				"north": {"uv": [0, 0, 2, 12], "texture": "#2"},
				"east": {"uv": [2, 0, 4, 12], "texture": "#2"},
				"south": {"uv": [4, 0, 6, 12], "texture": "#2"},
				"west": {"uv": [6, 0, 8, 12], "texture": "#2"},
				"up": {"uv": [10, 9, 8, 7], "texture": "#2"},
				"down": {"uv": [10, 9, 8, 11], "texture": "#2"}
			}
		},
		{
			"name": "ribbon",
			"from": [3.9, -15.15, 3.9],
			"to": [12.1, -13.15, 12.1],
			"rotation": {"angle": 0, "axis": "y", "origin": [0, -15.75, 0]},
			"faces": {
				"north": {"uv": [0, 0, 14.22222, 3.55556], "texture": "#1", "tintindex": 0},
				"east": {"uv": [0, 3.55556, 14.22222, 7.11111], "texture": "#1", "tintindex": 0},
				"south": {"uv": [0, 7.11111, 14.22222, 10.66667], "texture": "#1", "tintindex": 0},
				"west": {"uv": [0, 10.66667, 14.22222, 14.22222], "texture": "#1", "tintindex": 0}
			}
		},
		{
			"from": [3, -15.75, 1],
			"to": [13, -15.75, 15],
			"rotation": {"angle": 0, "axis": "y", "origin": [0, -15.75, 0]},
			"faces": {
				"north": {"uv": [0, 0, 2.5, 0], "texture": "#2"},
				"east": {"uv": [0, 0, 3.5, 0], "texture": "#2"},
				"south": {"uv": [0, 0, 2.5, 0], "texture": "#2"},
				"west": {"uv": [0, 0, 3.5, 0], "texture": "#2"},
				"up": {"uv": [10.5, 3.5, 8, 0], "texture": "#2"},
				"down": {"uv": [10.5, 3.5, 8, 7], "texture": "#2"}
			}
		},
		{
			"from": [1, -15.75, 1],
			"to": [3, -15.75, 15],
			"rotation": {"angle": -45, "axis": "z", "origin": [3, -15.75, 8]},
			"faces": {
				"north": {"uv": [0, 0, 0.5, 0], "texture": "#2"},
				"east": {"uv": [0, 0, 3.5, 0], "texture": "#2"},
				"south": {"uv": [0, 0, 0.5, 0], "texture": "#2"},
				"west": {"uv": [0, 0, 3.5, 0], "texture": "#2"},
				"up": {"uv": [10.5, 10.5, 10, 7], "texture": "#2"},
				"down": {"uv": [11, 0, 10.5, 3.5], "texture": "#2"}
			}
		},
		{
			"from": [13, -15.75, 1],
			"to": [15, -15.75, 15],
			"rotation": {"angle": 45, "axis": "z", "origin": [13, -15.75, 8]},
			"faces": {
				"north": {"uv": [0, 0, 0.5, 0], "texture": "#2"},
				"east": {"uv": [0, 0, 3.5, 0], "texture": "#2"},
				"south": {"uv": [0, 0, 0.5, 0], "texture": "#2"},
				"west": {"uv": [0, 0, 3.5, 0], "texture": "#2"},
				"up": {"uv": [11, 7, 10.5, 3.5], "texture": "#2"},
				"down": {"uv": [11, 7, 10.5, 10.5], "texture": "#2"}
			}
		}
	],
	"display": {
		"thirdperson_righthand": {
			"scale": [0.5, 0.5, 0.5]
		},
		"thirdperson_lefthand": {
			"scale": [0.5, 0.5, 0.5]
		},
		"firstperson_righthand": {
			"translation": [0, 2.75, 0],
			"scale": [0.75, 0.75, 0.75]
		},
		"firstperson_lefthand": {
			"translation": [0, 2.75, 0],
			"scale": [0.75, 0.75, 0.75]
		},
		"ground": {
			"translation": [0, 25, 0]
		},
		"gui": {
			"rotation": [25, 39, 0],
			"translation": [-0.25, 0.5, 0],
			"scale": [0.4, 0.4, 0.4]
		},
		"head": {
			"translation": [0, 47, 0],
			"scale": [1.81, 1.81, 1.81]
		},
		"fixed": {
			"scale": [0.75, 0.75, 0.75]
		}
	},
	"groups": [
		0,
		1,
		{
			"name": "trim",
			"origin": [0, 0, 0],
			"color": 0,
			"children": [2, 3, 4]
		}
	]
}