{
	"credit": "Made with Blockbench",
	"textures": {
		"0": "beacon/item/vr_controller",
		"particle": "beacon/item/vr_controller"
	},
	"elements": [
		{
			"from": [7.25, 5.39403, 8],
			"to": [8.75, 8.39403, 9],
			"rotation": {"angle": -22.5, "axis": "x", "origin": [8, 6.39403, 8.5]},
			"faces": {
				"north": {"uv": [0, 0, 2, 3], "texture": "#0", "tintindex": 0},
				"east": {"uv": [4, 5, 5, 8], "texture": "#0", "tintindex": 0},
				"south": {"uv": [2, 0, 4, 3], "texture": "#0", "tintindex": 0},
				"west": {"uv": [5, 5, 6, 8], "texture": "#0", "tintindex": 0},
				"up": {"uv": [10, 1, 8, 0], "texture": "#0", "tintindex": 0},
				"down": {"uv": [3, 8, 1, 9], "texture": "#0", "tintindex": 0}
			}
		},
		{
			"from": [6.9, 7.64403, 7.2],
			"to": [9.1, 8.64403, 8.25],
			"rotation": {"angle": 0, "axis": "y", "origin": [0, 5.39403, 0]},
			"faces": {
				"north": {"uv": [8, 1, 10, 2], "texture": "#0", "tintindex": 0},
				"east": {"uv": [8, 4, 9, 5], "texture": "#0", "tintindex": 0},
				"south": {"uv": [8, 2, 10, 3], "texture": "#0", "tintindex": 0},
				"west": {"uv": [8, 7, 9, 8], "texture": "#0", "tintindex": 0},
				"up": {"uv": [10, 4, 8, 3], "texture": "#0", "tintindex": 0},
				"down": {"uv": [6, 8, 4, 9], "texture": "#0", "tintindex": 0}
			}
		},
		{
			"from": [9.25, 8.64403, 5.25],
			"to": [9.75, 9.64403, 7.75],
			"rotation": {"angle": 0, "axis": "y", "origin": [0, 5.39403, 0]},
			"faces": {
				"north": {"uv": [8, 8, 9, 9], "texture": "#0", "tintindex": 0},
				"east": {"uv": [0, 6, 3, 7], "texture": "#0", "tintindex": 0},
				"south": {"uv": [1, 9, 2, 10], "texture": "#0", "tintindex": 0},
				"west": {"uv": [6, 5, 9, 6], "texture": "#0", "tintindex": 0},
				"up": {"uv": [4, 9, 3, 6], "texture": "#0", "tintindex": 0},
				"down": {"uv": [7, 6, 6, 9], "texture": "#0", "tintindex": 0}
			}
		},
		{
			"from": [6.25, 8.64403, 5.25],
			"to": [6.75, 9.64403, 7.75],
			"rotation": {"angle": 0, "axis": "y", "origin": [0, 5.39403, 0]},
			"faces": {
				"north": {"uv": [2, 9, 3, 10], "texture": "#0", "tintindex": 0},
				"east": {"uv": [0, 7, 3, 8], "texture": "#0", "tintindex": 0},
				"south": {"uv": [3, 9, 4, 10], "texture": "#0", "tintindex": 0},
				"west": {"uv": [7, 6, 10, 7], "texture": "#0", "tintindex": 0},
				"up": {"uv": [8, 10, 7, 7], "texture": "#0", "tintindex": 0},
				"down": {"uv": [1, 8, 0, 11], "texture": "#0", "tintindex": 0}
			}
		},
		{
			"from": [6.25, 8.64403, 7.75],
			"to": [9.75, 9.64403, 8.25],
			"rotation": {"angle": 0, "axis": "y", "origin": [0, 5.39403, 0]},
			"faces": {
				"north": {"uv": [0, 3, 4, 4], "texture": "#0", "tintindex": 0},
				"east": {"uv": [4, 9, 5, 10], "texture": "#0", "tintindex": 0},
				"south": {"uv": [0, 4, 4, 5], "texture": "#0", "tintindex": 0},
				"west": {"uv": [9, 4, 10, 5], "texture": "#0", "tintindex": 0},
				"up": {"uv": [8, 1, 4, 0], "texture": "#0", "tintindex": 0},
				"down": {"uv": [8, 1, 4, 2], "texture": "#0", "tintindex": 0}
			}
		},
		{
			"from": [6.25, 8.64403, 4.75],
			"to": [9.75, 9.64403, 5.25],
			"rotation": {"angle": 0, "axis": "y", "origin": [0, 5.39403, 0]},
			"faces": {
				"north": {"uv": [4, 2, 8, 3], "texture": "#0", "tintindex": 0},
				"east": {"uv": [5, 9, 6, 10], "texture": "#0", "tintindex": 0},
				"south": {"uv": [4, 3, 8, 4], "texture": "#0", "tintindex": 0},
				"west": {"uv": [9, 5, 10, 6], "texture": "#0", "tintindex": 0},
				"up": {"uv": [8, 5, 4, 4], "texture": "#0", "tintindex": 0},
				"down": {"uv": [4, 5, 0, 6], "texture": "#0", "tintindex": 0}
			}
		}
	],
	"display": {
		"thirdperson_righthand": {
			"translation": [0, 1, -0.25]
		},
		"thirdperson_lefthand": {
			"translation": [0, 1, -0.25]
		},
		"firstperson_righthand": {
			"translation": [0, 0.25, 0]
		},
		"firstperson_lefthand": {
			"translation": [0, 0.25, 0]
		},
		"gui": {
			"rotation": [28, -135, 0],
			"scale": [1.5, 1.5, 1.5]
		}
	},
	"groups": [
		{
			"name": "controller",
			"origin": [0, 5.39403, 0],
			"color": 0,
			"children": [0, 1, 2, 3, 4, 5]
		}
	]
}