{
	"credit": "Made with Blockbench",
	"textures": {
		"0": "custom:item/trash-can/trash-can-bottom-grey",
		"1": "block/iron_block",
		"particle": "custom:item/trash-can/trash-can-bottom-grey"
	},
	"elements": [
		{
			"from": [0, 0, 0],
			"to": [16, 4, 16],
			"faces": {
				"north": {"uv": [0, 0, 16, 4], "texture": "#0", "tintindex": 0},
				"east": {"uv": [0, 0, 16, 4], "texture": "#0", "tintindex": 0},
				"south": {"uv": [0, 0, 16, 4], "texture": "#0", "tintindex": 0},
				"west": {"uv": [0, 0, 16, 4], "texture": "#0", "tintindex": 0},
				"up": {"uv": [0, 0, 16, 16], "texture": "#0", "tintindex": 0},
				"down": {"uv": [0, 0, 16, 16], "texture": "#0", "tintindex": 0}
			}
		},
		{
			"name": "handle-n",
			"from": [7.5, 4, 9.5],
			"to": [8.5, 6, 10.5],
			"faces": {
				"north": {"uv": [0, 0, 1, 2], "texture": "#1"},
				"east": {"uv": [0, 0, 1, 2], "texture": "#1"},
				"south": {"uv": [0, 0, 1, 2], "texture": "#1"},
				"west": {"uv": [0, 0, 1, 2], "texture": "#1"},
				"up": {"uv": [0, 0, 1, 1], "texture": "#1"},
				"down": {"uv": [0, 0, 1, 1], "texture": "#missing"}
			}
		},
		{
			"name": "handle-mid",
			"from": [7.5, 5, 6.5],
			"to": [8.5, 6, 9.5],
			"rotation": {"angle": 0, "axis": "y", "origin": [8, 21.5, 8]},
			"faces": {
				"north": {"uv": [0, 0, 1, 1], "rotation": 180, "texture": "#1"},
				"east": {"uv": [0, 0, 1, 3], "rotation": 90, "texture": "#1"},
				"south": {"uv": [0, 0, 1, 1], "texture": "#1"},
				"west": {"uv": [0, 0, 1, 3], "rotation": 270, "texture": "#1"},
				"up": {"uv": [0, 0, 1, 3], "texture": "#1"},
				"down": {"uv": [0, 0, 1, 3], "rotation": 180, "texture": "#missing"}
			}
		},
		{
			"name": "handle-s",
			"from": [7.5, 4, 5.5],
			"to": [8.5, 6, 6.5],
			"faces": {
				"north": {"uv": [0, 0, 1, 2], "texture": "#1"},
				"east": {"uv": [0, 0, 1, 2], "texture": "#1"},
				"south": {"uv": [0, 0, 1, 2], "texture": "#1"},
				"west": {"uv": [0, 0, 1, 2], "texture": "#1"},
				"up": {"uv": [0, 0, 1, 1], "texture": "#1"},
				"down": {"uv": [0, 0, 1, 1], "texture": "#missing"}
			}
		}
	],
	"display": {
		"thirdperson_righthand": {
			"translation": [0, 1, 0],
			"scale": [0.15, 0.15, 0.15]
		},
		"thirdperson_lefthand": {
			"translation": [0, 1, 0],
			"scale": [0.15, 0.15, 0.15]
		},
		"firstperson_righthand": {
			"translation": [4.25, 4.75, 0]
		},
		"firstperson_lefthand": {
			"translation": [4.25, 4.75, 0]
		},
		"ground": {
			"translation": [0, 1.5, 0],
			"scale": [0.5, 0.5, 0.5]
		},
		"gui": {
			"rotation": [17, 42, 0],
			"translation": [0, 3, 0],
			"scale": [0.6, 0.6, 0.6]
		},
		"head": {
			"translation": [0, 12, 0]
		},
		"fixed": {
			"rotation": [0, 90, 0],
			"translation": [0, 5.5, 0.5],
			"scale": [0.95, 0.95, 0.95]
		}
	},
	"groups": [
		0,
		{
			"name": "handle",
			"origin": [0, 0, 0],
			"color": 0,
			"children": [1, 2, 3]
		}
	]
}