{
    "providers":[
        {"file":"beacon/global/ui/fade.png","chars":["\ue100"],"height":1500,"ascent":500,"type":"bitmap"},
        {"file":"beacon/lobby/ui/banner.png","chars":["\ue216"],"height":25,"ascent":20,"type":"bitmap"},
        {"file":"beacon/regrowth/ui/banner.png","chars":["\ue217"],"height":25,"ascent":20,"type":"bitmap"},
        {"file":"beacon/story/ui/banner/banner.png","chars":["\ue218"],"height":25,"ascent":20,"type":"bitmap"},
        {"file":"beacon/story/ui/banner/banner-hyphen.png","chars":["\ue219"],"height":25,"ascent":20,"type":"bitmap"},
        {"file":"beacon/story/ui/banner/num-0.png","chars":["\ue220"],"height":25,"ascent":20,"type":"bitmap"},
        {"file":"beacon/story/ui/banner/num-1.png","chars":["\ue221"],"height":25,"ascent":20,"type":"bitmap"},
        {"file":"beacon/story/ui/banner/num-2.png","chars":["\ue222"],"height":25,"ascent":20,"type":"bitmap"},
        {"file":"beacon/story/ui/banner/num-3.png","chars":["\ue223"],"height":25,"ascent":20,"type":"bitmap"},
        {"file":"beacon/story/ui/banner/num-4.png","chars":["\ue224"],"height":25,"ascent":20,"type":"bitmap"},
        {"file":"beacon/story/ui/banner/num-5.png","chars":["\ue225"],"height":25,"ascent":20,"type":"bitmap"},
        {"file":"beacon/story/ui/banner/num-6.png","chars":["\ue226"],"height":25,"ascent":20,"type":"bitmap"},
        {"file":"beacon/story/ui/banner/num-7.png","chars":["\ue227"],"height":25,"ascent":20,"type":"bitmap"},
        {"file":"beacon/story/ui/banner/num-8.png","chars":["\ue228"],"height":25,"ascent":20,"type":"bitmap"},
        {"file":"beacon/story/ui/banner/num-9.png","chars":["\ue229"],"height":25,"ascent":20,"type":"bitmap"},
        {"file":"beacon/global/gui/follower_pets/follower_pets.png","chars":["\ue230"],"height":256,"ascent":13,"type":"bitmap"},
        {"file":"beacon/global/gui/biome_bees.png","chars":["\ue301"],"height":256,"ascent":13,"type":"bitmap"},
        {"file":"beacon/global/gui/activity_rewarder.png","chars":["\ue302"],"height":256,"ascent":15,"type":"bitmap"},
        {"file":"beacon/global/gui/wallet.png","chars":["\ue303"],"height":256,"ascent":13,"type":"bitmap"},
        {"file":"beacon/pixel.png","chars":["\ue231"],"height":-3,"ascent":-2000,"type":"bitmap"},
        {"file":"beacon/global/emoji/cursor.png","chars":["\ue700"],"height":10, "ascent":9,"type":"bitmap"}
    ]
}
