{
    "providers":[
        {"file":"beacon/ui/fade.png","chars":["\ue100"],"height":1500,"ascent":500,"type":"bitmap"},
        {"file":"beacon/ui/lobby.png","chars":["\ue216"],"height":25,"ascent":20,"type":"bitmap"},
        {"file":"beacon/ui/regrowth.png","chars":["\ue217"],"height":25,"ascent":20,"type":"bitmap"},
        {"file":"beacon/ui/story.png","chars":["\ue218"],"height":25,"ascent":20,"type":"bitmap"},
        {"file":"beacon/ui/story-hyphen.png","chars":["\ue219"],"height":25,"ascent":20,"type":"bitmap"},
        {"file":"beacon/ui/story-num-0.png","chars":["\ue220"],"height":25,"ascent":20,"type":"bitmap"},
        {"file":"beacon/ui/story-num-1.png","chars":["\ue221"],"height":25,"ascent":20,"type":"bitmap"},
        {"file":"beacon/ui/story-num-2.png","chars":["\ue222"],"height":25,"ascent":20,"type":"bitmap"},
        {"file":"beacon/ui/story-num-3.png","chars":["\ue223"],"height":25,"ascent":20,"type":"bitmap"},
        {"file":"beacon/ui/story-num-4.png","chars":["\ue224"],"height":25,"ascent":20,"type":"bitmap"},
        {"file":"beacon/ui/story-num-5.png","chars":["\ue225"],"height":25,"ascent":20,"type":"bitmap"},
        {"file":"beacon/ui/story-num-6.png","chars":["\ue226"],"height":25,"ascent":20,"type":"bitmap"},
        {"file":"beacon/ui/story-num-7.png","chars":["\ue227"],"height":25,"ascent":20,"type":"bitmap"},
        {"file":"beacon/ui/story-num-8.png","chars":["\ue228"],"height":25,"ascent":20,"type":"bitmap"},
        {"file":"beacon/ui/story-num-9.png","chars":["\ue229"],"height":25,"ascent":20,"type":"bitmap"},
        {"file":"beacon/gui/follower_pets.png","chars":["\ue230"],"height":256,"ascent":13,"type":"bitmap"},
        {"file":"beacon/gui/pixel.png","chars":["\ue231"],"height":-3,"ascent":-2000,"type":"bitmap"}
    ]    
}
