{
	"credit": "Made with Blockbench",
	"textures": {
		"0": "beacon/global/item/cosmetic/hat/pizza_box/lid",
		"1": "beacon/global/item/cosmetic/hat/pizza_box/box_texture",
		"2": "beacon/global/item/cosmetic/hat/pizza_box/box_texture_dark",
		"3": "beacon/global/item/cosmetic/hat/pizza_box/pizza_topping",
		"particle": "beacon/global/item/cosmetic/hat/pizza_box/lid"
	},
	"elements": [
		{
			"name": "top",
			"from": [2, 5.94904, -0.46276],
			"to": [14, 5.94904, 11.53724],
			"rotation": {"angle": -45, "axis": "x", "origin": [8, 5.94904, 5.53724]},
			"faces": {
				"north": {"uv": [0, 0, 12, 0], "texture": "#missing"},
				"east": {"uv": [0, 0, 12, 0], "texture": "#missing"},
				"south": {"uv": [0, 0, 12, 0], "texture": "#missing"},
				"west": {"uv": [0, 0, 12, 0], "texture": "#missing"},
				"up": {"uv": [0, 0, 16, 16], "texture": "#0"},
				"down": {"uv": [7, 0, 16, 8.75], "texture": "#2"}
			}
		},
		{
			"name": "north",
			"from": [2, 1.14574, 2.35385],
			"to": [14, 2.14574, 2.35385],
			"rotation": {"angle": -45, "axis": "x", "origin": [8, 0.64574, 2.35385]},
			"faces": {
				"north": {"uv": [0, 0, 12, 1], "texture": "#1"},
				"east": {"uv": [0, 0, 0, 1], "texture": "#missing"},
				"south": {"uv": [0, 0, 12, 1], "texture": "#2"},
				"west": {"uv": [0, 0, 0, 1], "texture": "#missing"},
				"up": {"uv": [0, 0, 12, 0], "texture": "#missing"},
				"down": {"uv": [0, 0, 12, 0], "texture": "#missing"}
			}
		},
		{
			"name": "east",
			"from": [14, 1.14574, 2.35385],
			"to": [14, 2.14574, 14.35385],
			"rotation": {"angle": -45, "axis": "x", "origin": [8, 0.64574, 2.35385]},
			"faces": {
				"north": {"uv": [0, 0, 0, 1], "texture": "#missing"},
				"east": {"uv": [0, 0, 12, 1], "texture": "#1"},
				"south": {"uv": [0, 0, 0, 1], "texture": "#missing"},
				"west": {"uv": [0, 0, 12, 1], "texture": "#2"},
				"up": {"uv": [0, 0, 0, 12], "texture": "#missing"},
				"down": {"uv": [0, 0, 0, 12], "texture": "#missing"}
			}
		},
		{
			"name": "south",
			"from": [2, 1.14574, 14.35385],
			"to": [14, 2.14574, 14.35385],
			"rotation": {"angle": -45, "axis": "x", "origin": [8, 0.64574, 2.35385]},
			"faces": {
				"north": {"uv": [0, 0, 12, 1], "texture": "#2"},
				"east": {"uv": [0, 0, 0, 1], "texture": "#missing"},
				"south": {"uv": [0, 0, 12, 1], "texture": "#1"},
				"west": {"uv": [0, 0, 0, 1], "texture": "#missing"},
				"up": {"uv": [0, 0, 12, 0], "texture": "#missing"},
				"down": {"uv": [0, 0, 12, 0], "texture": "#missing"}
			}
		},
		{
			"name": "west",
			"from": [2, 1.14574, 2.35385],
			"to": [2, 2.14574, 14.35385],
			"rotation": {"angle": -45, "axis": "x", "origin": [8, 0.64574, 2.35385]},
			"faces": {
				"north": {"uv": [0, 0, 0, 1], "texture": "#missing"},
				"east": {"uv": [0, 0, 12, 1], "texture": "#2"},
				"south": {"uv": [0, 0, 0, 1], "texture": "#missing"},
				"west": {"uv": [0, 0, 12, 1], "texture": "#1"},
				"up": {"uv": [0, 0, 0, 12], "texture": "#missing"},
				"down": {"uv": [0, 0, 0, 12], "texture": "#missing"}
			}
		},
		{
			"name": "north",
			"from": [2, 0, 2],
			"to": [14, 1, 2],
			"rotation": {"angle": 0, "axis": "y", "origin": [8, 0.5, 2]},
			"faces": {
				"north": {"uv": [0, 0, 12, 1], "texture": "#1"},
				"east": {"uv": [0, 0, 0, 1], "texture": "#missing"},
				"south": {"uv": [0, 0, 12, 1], "texture": "#2"},
				"west": {"uv": [0, 0, 0, 1], "texture": "#missing"},
				"up": {"uv": [0, 0, 12, 0], "texture": "#missing"},
				"down": {"uv": [0, 0, 12, 0], "texture": "#missing"}
			}
		},
		{
			"name": "east",
			"from": [14, 0, 2],
			"to": [14, 1, 14],
			"rotation": {"angle": 0, "axis": "y", "origin": [8, 0.5, 2]},
			"faces": {
				"north": {"uv": [0, 0, 0, 1], "texture": "#1"},
				"east": {"uv": [0, 0, 12, 1], "texture": "#1"},
				"south": {"uv": [0, 0, 0, 1], "texture": "#missing"},
				"west": {"uv": [0, 0, 12, 1], "texture": "#2"},
				"up": {"uv": [0, 0, 12, 0], "rotation": 90, "texture": "#missing"},
				"down": {"uv": [0, 0, 12, 0], "rotation": 270, "texture": "#missing"}
			}
		},
		{
			"name": "south",
			"from": [2, 0, 14],
			"to": [14, 1, 14],
			"rotation": {"angle": 0, "axis": "y", "origin": [8, 0.5, 14]},
			"faces": {
				"north": {"uv": [0, 0, 12, 1], "texture": "#2"},
				"east": {"uv": [0, 0, 0, 1], "texture": "#missing"},
				"south": {"uv": [0, 0, 12, 1], "texture": "#1"},
				"west": {"uv": [0, 0, 0, 1], "texture": "#missing"},
				"up": {"uv": [0, 0, 12, 0], "rotation": 180, "texture": "#missing"},
				"down": {"uv": [0, 0, 12, 0], "rotation": 180, "texture": "#missing"}
			}
		},
		{
			"name": "west",
			"from": [2, 0, 2],
			"to": [2, 1, 14],
			"rotation": {"angle": 0, "axis": "y", "origin": [8, 0.5, 2]},
			"faces": {
				"north": {"uv": [0, 0, 0, 1], "texture": "#missing"},
				"east": {"uv": [0, 0, 12, 1], "texture": "#2"},
				"south": {"uv": [0, 0, 0, 1], "texture": "#missing"},
				"west": {"uv": [0, 0, 12, 1], "texture": "#1"},
				"up": {"uv": [0, 0, 12, 0], "rotation": 270, "texture": "#missing"},
				"down": {"uv": [0, 0, 12, 0], "rotation": 90, "texture": "#missing"}
			}
		},
		{
			"name": "bottom",
			"from": [2, 0, 2],
			"to": [14, 0, 14],
			"faces": {
				"north": {"uv": [0, 0, 12, 0], "texture": "#missing"},
				"east": {"uv": [0, 0, 12, 0], "texture": "#missing"},
				"south": {"uv": [0, 0, 12, 0], "texture": "#missing"},
				"west": {"uv": [0, 0, 12, 0], "texture": "#missing"},
				"up": {"uv": [0, 0, 16, 16], "texture": "#2"},
				"down": {"uv": [0, 0, 16, 16], "texture": "#1"}
			}
		},
		{
			"name": "topping",
			"from": [3.25, 0.5, 3.25],
			"to": [12.75, 0.5, 12.75],
			"faces": {
				"north": {"uv": [0, 0, 12, 0], "texture": "#missing"},
				"east": {"uv": [0, 0, 12, 0], "texture": "#missing"},
				"south": {"uv": [0, 0, 12, 0], "texture": "#missing"},
				"west": {"uv": [0, 0, 12, 0], "texture": "#missing"},
				"up": {"uv": [0, 0, 16, 16], "texture": "#3"},
				"down": {"uv": [0, 0, 16, 14.5], "texture": "#3"}
			}
		},
		{
			"name": "north",
			"from": [7.08521, 0.1, 2.76695],
			"to": [9.08521, 0.85, 3.76695],
			"rotation": {"angle": 0, "axis": "y", "origin": [9.08521, 0.6, 4.51695]},
			"faces": {
				"north": {"uv": [0, 0, 12.75, 4.5], "texture": "#1"},
				"east": {"uv": [0, 0, 1, 0.75], "texture": "#1"},
				"south": {"uv": [0, 0, 2, 0.75], "texture": "#1"},
				"west": {"uv": [0, 0, 1, 0.75], "texture": "#1"},
				"up": {"uv": [0, 0, 6.25, 1.5], "texture": "#1"},
				"down": {"uv": [0, 0, 2, 1], "texture": "#1"}
			}
		},
		{
			"name": "north-north-east",
			"from": [7, 0.01, 2.75],
			"to": [9, 0.76, 3.75],
			"rotation": {"angle": -22.5, "axis": "y", "origin": [8, 0.6, 8]},
			"faces": {
				"north": {"uv": [0, 0, 12.75, 4.5], "texture": "#1"},
				"east": {"uv": [0, 0, 1, 0.75], "texture": "#1"},
				"south": {"uv": [0, 0, 2, 0.75], "texture": "#1"},
				"west": {"uv": [0, 0, 1, 0.75], "texture": "#1"},
				"up": {"uv": [0, 0, 6.25, 1.5], "texture": "#1"},
				"down": {"uv": [0, 0, 2, 1], "texture": "#1"}
			}
		},
		{
			"name": "north-east",
			"from": [6.85454, 0.1, 2.87851],
			"to": [8.85454, 0.85, 3.87851],
			"rotation": {"angle": -45, "axis": "y", "origin": [8.10454, 0.6, 8.12851]},
			"faces": {
				"north": {"uv": [0, 0, 12.75, 4.5], "texture": "#1"},
				"east": {"uv": [0, 0, 1, 0.75], "texture": "#1"},
				"south": {"uv": [0, 0, 2, 0.75], "texture": "#1"},
				"west": {"uv": [0, 0, 1, 0.75], "texture": "#1"},
				"up": {"uv": [0, 0, 6.25, 1.5], "texture": "#1"},
				"down": {"uv": [0, 0, 2, 1], "texture": "#1"}
			}
		},
		{
			"name": "north-east-east",
			"from": [12.1295, 0.01, 6.8795],
			"to": [13.1295, 0.75, 8.8795],
			"rotation": {"angle": 22.5, "axis": "y", "origin": [7.8795, 0.6, 7.8795]},
			"faces": {
				"north": {"uv": [0, 0, 11.75, 4.5], "texture": "#1"},
				"east": {"uv": [0, 0, 2, 0.75], "texture": "#1"},
				"south": {"uv": [0, 0, 1, 0.75], "texture": "#1"},
				"west": {"uv": [0, 0, 2, 0.75], "texture": "#1"},
				"up": {"uv": [0, 0, 6.25, 1.5], "rotation": 90, "texture": "#1"},
				"down": {"uv": [0, 0, 2, 1], "rotation": 270, "texture": "#1"}
			}
		},
		{
			"name": "north",
			"from": [12.11255, 0.1, 6.79429],
			"to": [13.11255, 0.85, 8.79429],
			"rotation": {"angle": 0, "axis": "y", "origin": [11.21515, 0.6, 9.88565]},
			"faces": {
				"north": {"uv": [0, 0, 11.75, 4.5], "texture": "#1"},
				"east": {"uv": [0, 0, 2, 0.75], "texture": "#1"},
				"south": {"uv": [0, 0, 1, 0.75], "texture": "#1"},
				"west": {"uv": [0, 0, 2, 0.75], "texture": "#1"},
				"up": {"uv": [0, 0, 6.25, 1.5], "rotation": 90, "texture": "#1"},
				"down": {"uv": [0, 0, 2, 1], "rotation": 270, "texture": "#1"}
			}
		},
		{
			"name": "north-north-east",
			"from": [11.55047, 0.07, 8.15126],
			"to": [12.55047, 0.82, 10.15126],
			"rotation": {"angle": -22.5, "axis": "y", "origin": [11.21515, 0.6, 9.88565]},
			"faces": {
				"north": {"uv": [0, 0, 11.75, 4.5], "texture": "#1"},
				"east": {"uv": [0, 0, 2, 0.75], "texture": "#1"},
				"south": {"uv": [0, 0, 1, 0.75], "texture": "#1"},
				"west": {"uv": [0, 0, 2, 0.75], "texture": "#1"},
				"up": {"uv": [0, 0, 6.25, 1.5], "rotation": 90, "texture": "#1"},
				"down": {"uv": [0, 0, 2, 1], "rotation": 270, "texture": "#1"}
			}
		},
		{
			"name": "north-east",
			"from": [11.55047, 0.1, 9.62003],
			"to": [12.55047, 0.85, 11.62003],
			"rotation": {"angle": -45, "axis": "y", "origin": [11.21515, 0.6, 9.88565]},
			"faces": {
				"north": {"uv": [0, 0, 11.75, 4.5], "texture": "#1"},
				"east": {"uv": [0, 0, 2, 0.75], "texture": "#1"},
				"south": {"uv": [0, 0, 1, 0.75], "texture": "#1"},
				"west": {"uv": [0, 0, 2, 0.75], "texture": "#1"},
				"up": {"uv": [0, 0, 6.25, 1.5], "rotation": 90, "texture": "#1"},
				"down": {"uv": [0, 0, 2, 1], "rotation": 270, "texture": "#1"}
			}
		},
		{
			"name": "north-east-east",
			"from": [8.12379, 0.11, 10.78305],
			"to": [10.12379, 0.86, 11.78305],
			"rotation": {"angle": 22.5, "axis": "y", "origin": [11.21515, 0.6, 9.88565]},
			"faces": {
				"north": {"uv": [0, 0, 12.75, 4.5], "texture": "#1"},
				"east": {"uv": [0, 0, 1, 0.75], "texture": "#1"},
				"south": {"uv": [0, 0, 2, 0.75], "texture": "#1"},
				"west": {"uv": [0, 0, 1, 0.75], "texture": "#1"},
				"up": {"uv": [0, 0, 6.25, 1.5], "rotation": 180, "texture": "#1"},
				"down": {"uv": [0, 0, 2, 1], "rotation": 180, "texture": "#1"}
			}
		},
		{
			"name": "north",
			"from": [7.08521, 0.1, 11.82163],
			"to": [9.08521, 0.85, 12.82163],
			"rotation": {"angle": 0, "axis": "y", "origin": [5.99385, 0.6, 10.92423]},
			"faces": {
				"north": {"uv": [0, 0, 12.75, 4.5], "texture": "#1"},
				"east": {"uv": [0, 0, 1, 0.75], "texture": "#1"},
				"south": {"uv": [0, 0, 2, 0.75], "texture": "#1"},
				"west": {"uv": [0, 0, 1, 0.75], "texture": "#1"},
				"up": {"uv": [0, 0, 6.25, 1.5], "rotation": 180, "texture": "#1"},
				"down": {"uv": [0, 0, 2, 1], "rotation": 180, "texture": "#1"}
			}
		},
		{
			"name": "north-north-east",
			"from": [5.72824, 0.009, 11.25955],
			"to": [7.72824, 0.759, 12.25955],
			"rotation": {"angle": -22.5, "axis": "y", "origin": [5.99385, 0.6, 10.92423]},
			"faces": {
				"north": {"uv": [0, 0, 12.75, 4.5], "texture": "#1"},
				"east": {"uv": [0, 0, 1, 0.75], "texture": "#1"},
				"south": {"uv": [0, 0, 2, 0.75], "texture": "#1"},
				"west": {"uv": [0, 0, 1, 0.75], "texture": "#1"},
				"up": {"uv": [0, 0, 6.25, 1.5], "rotation": 180, "texture": "#1"},
				"down": {"uv": [0, 0, 2, 1], "rotation": 180, "texture": "#1"}
			}
		},
		{
			"name": "north-east",
			"from": [4.25946, 0.1, 11.25955],
			"to": [6.25946, 0.85, 12.25955],
			"rotation": {"angle": -45, "axis": "y", "origin": [5.99385, 0.6, 10.92423]},
			"faces": {
				"north": {"uv": [0, 0, 12.75, 4.5], "texture": "#1"},
				"east": {"uv": [0, 0, 1, 0.75], "texture": "#1"},
				"south": {"uv": [0, 0, 2, 0.75], "texture": "#1"},
				"west": {"uv": [0, 0, 1, 0.75], "texture": "#1"},
				"up": {"uv": [0, 0, 6.25, 1.5], "rotation": 180, "texture": "#1"},
				"down": {"uv": [0, 0, 2, 1], "rotation": 180, "texture": "#1"}
			}
		},
		{
			"name": "north-east-east",
			"from": [4.09645, 0.01, 7.83287],
			"to": [5.09645, 0.76, 9.83287],
			"rotation": {"angle": 22.5, "axis": "y", "origin": [5.99385, 0.6, 10.92423]},
			"faces": {
				"north": {"uv": [0, 0, 11.75, 4.5], "texture": "#1"},
				"east": {"uv": [0, 0, 2, 0.75], "texture": "#1"},
				"south": {"uv": [0, 0, 1, 0.75], "texture": "#1"},
				"west": {"uv": [0, 0, 2, 0.75], "texture": "#1"},
				"up": {"uv": [0, 0, 6.25, 1.5], "rotation": 270, "texture": "#1"},
				"down": {"uv": [0, 0, 2, 1], "rotation": 90, "texture": "#1"}
			}
		},
		{
			"name": "north",
			"from": [3.05787, 0.1, 6.79429],
			"to": [4.05787, 0.85, 8.79429],
			"rotation": {"angle": 0, "axis": "y", "origin": [4.95527, 0.6, 5.70293]},
			"faces": {
				"north": {"uv": [0, 0, 11.75, 4.5], "texture": "#1"},
				"east": {"uv": [0, 0, 2, 0.75], "texture": "#1"},
				"south": {"uv": [0, 0, 1, 0.75], "texture": "#1"},
				"west": {"uv": [0, 0, 2, 0.75], "texture": "#1"},
				"up": {"uv": [0, 0, 6.25, 1.5], "rotation": 270, "texture": "#1"},
				"down": {"uv": [0, 0, 2, 1], "rotation": 90, "texture": "#1"}
			}
		},
		{
			"name": "north-north-east",
			"from": [3.61994, 0.09, 5.43732],
			"to": [4.61994, 0.84, 7.43732],
			"rotation": {"angle": -22.5, "axis": "y", "origin": [4.95527, 0.6, 5.70293]},
			"faces": {
				"north": {"uv": [0, 0, 11.75, 4.5], "texture": "#1"},
				"east": {"uv": [0, 0, 2, 0.75], "texture": "#1"},
				"south": {"uv": [0, 0, 1, 0.75], "texture": "#1"},
				"west": {"uv": [0, 0, 2, 0.75], "texture": "#1"},
				"up": {"uv": [0, 0, 6.25, 1.5], "rotation": 270, "texture": "#1"},
				"down": {"uv": [0, 0, 2, 1], "rotation": 90, "texture": "#1"}
			}
		},
		{
			"name": "north-east",
			"from": [3.61994, 0.1, 3.96854],
			"to": [4.61994, 0.85, 5.96854],
			"rotation": {"angle": -45, "axis": "y", "origin": [4.95527, 0.6, 5.70293]},
			"faces": {
				"north": {"uv": [0, 0, 11.75, 4.5], "texture": "#1"},
				"east": {"uv": [0, 0, 2, 0.75], "texture": "#1"},
				"south": {"uv": [0, 0, 1, 0.75], "texture": "#1"},
				"west": {"uv": [0, 0, 2, 0.75], "texture": "#1"},
				"up": {"uv": [0, 0, 6.25, 1.5], "rotation": 270, "texture": "#1"},
				"down": {"uv": [0, 0, 2, 1], "rotation": 90, "texture": "#1"}
			}
		},
		{
			"name": "north-east-east",
			"from": [6.04663, 0.06, 3.80553],
			"to": [8.04663, 0.81, 4.80553],
			"rotation": {"angle": 22.5, "axis": "y", "origin": [4.95527, 0.6, 5.70293]},
			"faces": {
				"north": {"uv": [0, 0, 12.75, 4.5], "texture": "#1"},
				"east": {"uv": [0, 0, 1, 0.75], "texture": "#1"},
				"south": {"uv": [0, 0, 2, 0.75], "texture": "#1"},
				"west": {"uv": [0, 0, 1, 0.75], "texture": "#1"},
				"up": {"uv": [0, 0, 6.25, 1.5], "texture": "#1"},
				"down": {"uv": [0, 0, 2, 1], "texture": "#1"}
			}
		}
	],
	"display": {
		"thirdperson_righthand": {
			"rotation": [70, 180, 0],
			"translation": [-5.75, 7, 5.75]
		},
		"thirdperson_lefthand": {
			"rotation": [70, 180, 0],
			"translation": [-5.75, 7, 5.75]
		},
		"firstperson_righthand": {
			"rotation": [-12, 180, 0],
			"translation": [-9, 4.75, 8]
		},
		"firstperson_lefthand": {
			"rotation": [-12, 180, 0],
			"translation": [-9, 4.75, 8]
		},
		"ground": {
			"translation": [0, 5, 0]
		},
		"gui": {
			"rotation": [29, 51, 0],
			"translation": [0, 3.5, 0],
			"scale": [0.85, 0.85, 0.85]
		},
		"head": {
			"rotation": [0, 168, 0],
			"translation": [0, 16.2, 0.5],
			"scale": [1.2, 1.2, 1.2]
		},
		"fixed": {
			"rotation": [0, 90, 0],
			"translation": [0, 4, 0]
		}
	},
	"groups": [
		{
			"name": "box",
			"origin": [8, 8, 8],
			"color": 0,
			"children": [
				{
					"name": "box-lid",
					"origin": [8, 8, 8],
					"color": 0,
					"children": [0, 1, 2, 3, 4]
				},
				{
					"name": "box-bottom",
					"origin": [8, 8, 8],
					"color": 0,
					"children": [5, 6, 7, 8, 9]
				}
			]
		},
		{
			"name": "pizza",
			"origin": [8, 8, 8],
			"color": 0,
			"children": [
				10,
				{
					"name": "crust",
					"origin": [8, 8, 8],
					"color": 0,
					"children": [
						{
							"name": "n-e",
							"origin": [8, 8, 8],
							"color": 0,
							"children": [11, 12, 13, 14]
						},
						{
							"name": "s-e",
							"origin": [8, 8, 8],
							"color": 0,
							"children": [15, 16, 17, 18]
						},
						{
							"name": "s-w",
							"origin": [8, 8, 8],
							"color": 0,
							"children": [19, 20, 21, 22]
						},
						{
							"name": "n-w",
							"origin": [8, 8, 8],
							"color": 0,
							"children": [23, 24, 25, 26]
						}
					]
				}
			]
		}
	]
}