{
	"credit": "Made with Blockbench",
	"textures": {
		"0": "beacon/global/item/cosmetic/hat/straw_hat/hat",
		"1": "beacon/global/item/cosmetic/hat/straw_hat/trim",
		"3": "beacon/global/item/cosmetic/hat/straw_hat/ribbon",
		"particle": "beacon/global/item/cosmetic/hat/straw_hat/hat"
	},
	"elements": [
		{
			"name": "ribbon",
			"from": [4.9, 7.25, 4.9],
			"to": [11.1, 8.25, 11.1],
			"rotation": {"angle": 0, "axis": "z", "origin": [8, 8.75, 8]},
			"faces": {
				"north": {"uv": [0, 0, 16, 2.66667], "texture": "#3", "tintindex": 0},
				"east": {"uv": [0, 2.66667, 16, 5.33333], "texture": "#3", "tintindex": 0},
				"south": {"uv": [0, 0, 16, 2.66667], "texture": "#3", "tintindex": 0},
				"west": {"uv": [0, 2.66667, 16, 5.33333], "texture": "#3", "tintindex": 0},
				"up": {"uv": [0, 8, 2.66667, 10.66667], "texture": "#3"},
				"down": {"uv": [0, 5.33333, 2.66667, 8], "texture": "#3"}
			}
		},
		{
			"from": [5, 7.25, 5],
			"to": [11, 10.25, 11],
			"rotation": {"angle": 0, "axis": "z", "origin": [8, 8.75, 8]},
			"faces": {
				"north": {"uv": [6, 0, 13, 4], "texture": "#0"},
				"east": {"uv": [6, 4, 13, 8], "texture": "#0"},
				"south": {"uv": [6, 8, 13, 12], "texture": "#0"},
				"west": {"uv": [6, 12, 13, 16], "texture": "#0"},
				"up": {"uv": [6, 6, 0, 0], "texture": "#0"},
				"down": {"uv": [6, 6, 0, 12], "texture": "#0"}
			}
		},
		{
			"name": "trim_n",
			"from": [2, 8.5, 1.75],
			"to": [14, 8.5, 4.75],
			"rotation": {"angle": -22.5, "axis": "x", "origin": [8, 8.75, 8]},
			"faces": {
				"north": {"uv": [0, 0, 12, 0], "texture": "#1"},
				"east": {"uv": [0, 0, 3, 0], "texture": "#1"},
				"south": {"uv": [0, 0, 12, 0], "texture": "#1"},
				"west": {"uv": [0, 0, 3, 0], "texture": "#1"},
				"up": {"uv": [12, 3, 0, 0], "texture": "#1"},
				"down": {"uv": [12, 3, 0, 6], "texture": "#1"}
			}
		},
		{
			"name": "trim_e",
			"from": [11.25, 8.5, 2],
			"to": [14.25, 8.5, 14],
			"rotation": {"angle": -22.5, "axis": "z", "origin": [8, 8.75, 8]},
			"faces": {
				"north": {"uv": [0, 0, 12, 0], "texture": "#1"},
				"east": {"uv": [0, 0, 12, 0], "texture": "#1"},
				"south": {"uv": [0, 0, 12, 0], "texture": "#1"},
				"west": {"uv": [0, 0, 12, 0], "texture": "#1"},
				"up": {"uv": [12, 3, 0, 0], "rotation": 90, "texture": "#1"},
				"down": {"uv": [12, 3, 0, 6], "rotation": 270, "texture": "#1"}
			}
		},
		{
			"name": "trim_s",
			"from": [2, 8.5, 11.25],
			"to": [14, 8.5, 14.25],
			"rotation": {"angle": 22.5, "axis": "x", "origin": [8, 8.75, 8]},
			"faces": {
				"north": {"uv": [0, 0, 12, 0], "texture": "#1"},
				"east": {"uv": [0, 0, 12, 0], "texture": "#1"},
				"south": {"uv": [0, 0, 12, 0], "texture": "#1"},
				"west": {"uv": [0, 0, 12, 0], "texture": "#1"},
				"up": {"uv": [12, 3, 0, 0], "rotation": 180, "texture": "#1"},
				"down": {"uv": [12, 3, 0, 6], "rotation": 180, "texture": "#1"}
			}
		},
		{
			"name": "trim_w",
			"from": [1.75, 8.5, 2],
			"to": [4.75, 8.5, 14],
			"rotation": {"angle": 22.5, "axis": "z", "origin": [8, 8.75, 8]},
			"faces": {
				"north": {"uv": [0, 0, 12, 0], "texture": "#1"},
				"east": {"uv": [0, 0, 12, 0], "texture": "#1"},
				"south": {"uv": [0, 0, 12, 0], "texture": "#1"},
				"west": {"uv": [0, 0, 12, 0], "texture": "#1"},
				"up": {"uv": [12, 3, 0, 0], "rotation": 270, "texture": "#1"},
				"down": {"uv": [12, 3, 0, 6], "rotation": 90, "texture": "#1"}
			}
		}
	],
	"display": {
		"gui": {
			"rotation": [31, 31, 0],
			"scale": [0.95, 0.95, 0.95]
		},
		"head": {
			"translation": [0, 5, 0],
			"scale": [2.41, 2.41, 2.41]
		}
	},
	"groups": [
		{
			"name": "straw hat",
			"origin": [0, 7.25, 0],
			"color": 0,
			"children": [
				0,
				1,
				{
					"name": "trim",
					"origin": [0, 7.25, 0],
					"color": 0,
					"children": [2, 3, 4, 5]
				}
			]
		}
	]
}