{
	"credit": "Made with Blockbench",
	"texture_size": [64, 64],
	"textures": {
		"1": "beacon/global/item/cosmetic/hat/top_hat/ribbon",
		"2": "beacon/global/item/cosmetic/hat/top_hat/hat"
	},
	"elements": [
		{
			"name": "main",
			"from": [4, 4.875, 4],
			"to": [12, 16.875, 12],
			"rotation": {"angle": 0, "axis": "y", "origin": [0, 26.125, 0]},
			"faces": {
				"north": {"uv": [0, 7, 4, 12.5], "texture": "#2"},
				"east": {"uv": [4, 7, 8, 12.5], "texture": "#2"},
				"south": {"uv": [8, 7, 12, 12.5], "texture": "#2"},
				"west": {"uv": [10, 0, 14, 5.5], "texture": "#2"},
				"up": {"uv": [16, 9.5, 12, 5.5], "texture": "#2"},
				"down": {"uv": [16, 9.5, 12, 13.5], "texture": "#2"}
			}
		},
		{
			"name": "ribbon",
			"from": [3.9, 5.725, 3.9],
			"to": [12.1, 7.725, 12.1],
			"rotation": {"angle": 0, "axis": "y", "origin": [0, 5.125, 0]},
			"faces": {
				"north": {"uv": [0, 0, 14.22222, 3.55556], "texture": "#1", "tintindex": 0},
				"east": {"uv": [0, 3.55556, 14.22222, 7.11111], "texture": "#1", "tintindex": 0},
				"south": {"uv": [0, 7.11111, 14.22222, 10.66667], "texture": "#1", "tintindex": 0},
				"west": {"uv": [0, 10.66667, 14.22222, 14.22222], "texture": "#1", "tintindex": 0}
			}
		},
		{
			"from": [3, 5.125, 1],
			"to": [13, 5.125, 15],
			"rotation": {"angle": 0, "axis": "y", "origin": [0, 5.125, 0]},
			"faces": {
				"north": {"uv": [0, 0, 5, 0], "texture": "#2"},
				"east": {"uv": [0, 0, 7, 0], "texture": "#2"},
				"south": {"uv": [0, 0, 5, 0], "texture": "#2"},
				"west": {"uv": [0, 0, 7, 0], "texture": "#2"},
				"up": {"uv": [5, 7, 0, 0], "texture": "#2"},
				"down": {"uv": [10, 0, 5, 7], "texture": "#2"}
			}
		},
		{
			"from": [1, 5.125, 1],
			"to": [3, 5.125, 15],
			"rotation": {"angle": -45, "axis": "z", "origin": [3, 5.125, 8]},
			"faces": {
				"north": {"uv": [0, 0, 1, 0], "texture": "#2"},
				"east": {"uv": [0, 0, 7, 0], "texture": "#2"},
				"south": {"uv": [0, 0, 1, 0], "texture": "#2"},
				"west": {"uv": [0, 0, 7, 0], "texture": "#2"},
				"up": {"uv": [7, 14, 0, 13], "rotation": 90, "texture": "#2"},
				"down": {"uv": [0, 15, 7, 14], "rotation": 90, "texture": "#2"}
			}
		},
		{
			"from": [13, 5.125, 1],
			"to": [15, 5.125, 15],
			"rotation": {"angle": 45, "axis": "z", "origin": [13, 5.125, 8]},
			"faces": {
				"north": {"uv": [0, 0, 1, 0], "texture": "#2"},
				"east": {"uv": [0, 0, 7, 0], "texture": "#2"},
				"south": {"uv": [0, 0, 1, 0], "texture": "#2"},
				"west": {"uv": [0, 0, 7, 0], "texture": "#2"},
				"up": {"uv": [7, 15.5, 0, 14.5], "rotation": 90, "texture": "#2"},
				"down": {"uv": [0, 16.5, 7, 15.5], "rotation": 90, "texture": "#2"}
			}
		}
	],
	"display": {
		"thirdperson_righthand": {
			"scale": [0.5, 0.5, 0.5]
		},
		"thirdperson_lefthand": {
			"scale": [0.5, 0.5, 0.5]
		},
		"firstperson_righthand": {
			"translation": [0, 2.75, 0],
			"scale": [0.75, 0.75, 0.75]
		},
		"firstperson_lefthand": {
			"translation": [0, 2.75, 0],
			"scale": [0.75, 0.75, 0.75]
		},
		"gui": {
			"rotation": [25, 39, 0],
			"translation": [-0.25, -1.25, 0],
			"scale": [0.75, 0.75, 0.75]
		},
		"head": {
			"translation": [0, 8, 0],
			"scale": [1.81, 1.81, 1.81]
		},
		"fixed": {
			"translation": [0, -2.25, 0]
		}
	},
	"groups": [
		0,
		1,
		{
			"name": "trim",
			"origin": [0, 0, 0],
			"color": 0,
			"children": [2, 3, 4]
		}
	]
}