{
	"credit": "Made with Blockbench",
	"texture_size": [32, 32],
	"textures": {
		"1": "beacon/global/item/cosmetic/hat/cat_ears/cat_ears_brown_yellow"
	},
	"elements": [
		{
			"from": [1.4, 5.6, 7.5],
			"to": [4.4, 8.6, 8.5],
			"rotation": {"angle": 45, "axis": "z", "origin": [2.4, 8.85, 8]},
			"faces": {
				"north": {"uv": [6, 6, 7.5, 7.5], "texture": "#1"},
				"east": {"uv": [0, 9, 0.5, 10.5], "texture": "#1"},
				"south": {"uv": [6, 7.5, 7.5, 9], "texture": "#1"},
				"west": {"uv": [9, 0, 9.5, 1.5], "texture": "#1"},
				"up": {"uv": [2, 9.5, 0.5, 9], "texture": "#1"},
				"down": {"uv": [10.5, 1.5, 9, 2], "texture": "#1"}
			}
		},
		{
			"from": [0.4, 5.6, 8],
			"to": [6.4, 11.6, 8],
			"rotation": {"angle": 45, "axis": "z", "origin": [2.4, 8.85, 8]},
			"faces": {
				"north": {"uv": [6, 0, 9, 3], "texture": "#1"},
				"east": {"uv": [0, 0, 0, 3], "texture": "#1"},
				"south": {"uv": [6, 3, 9, 6], "texture": "#1"},
				"west": {"uv": [0, 0, 0, 3], "texture": "#1"},
				"up": {"uv": [3, 0, 0, 0], "texture": "#1"},
				"down": {"uv": [3, 0, 0, 0], "texture": "#1"}
			}
		},
		{
			"from": [11.6, 5.6, 7.5],
			"to": [14.6, 8.6, 8.5],
			"rotation": {"angle": -45, "axis": "z", "origin": [13.6, 8.85, 8]},
			"faces": {
				"north": {"uv": [7.5, 6, 9, 7.5], "texture": "#1"},
				"east": {"uv": [2, 9, 2.5, 10.5], "texture": "#1"},
				"south": {"uv": [7.5, 7.5, 9, 9], "texture": "#1"},
				"west": {"uv": [9, 2, 9.5, 3.5], "texture": "#1"},
				"up": {"uv": [4, 9.5, 2.5, 9], "texture": "#1"},
				"down": {"uv": [10.5, 3.5, 9, 4], "texture": "#1"}
			}
		},
		{
			"from": [9.6, 5.6, 8],
			"to": [15.6, 11.6, 8],
			"rotation": {"angle": -45, "axis": "z", "origin": [13.6, 8.85, 8]},
			"faces": {
				"north": {"uv": [6, 3, 9, 6], "texture": "#1"},
				"east": {"uv": [0, 0, 0, 3], "texture": "#1"},
				"south": {"uv": [6, 0, 9, 3], "texture": "#1"},
				"west": {"uv": [0, 0, 0, 3], "texture": "#1"},
				"up": {"uv": [3, 0, 0, 0], "texture": "#1"},
				"down": {"uv": [3, 0, 0, 0], "texture": "#1"}
			}
		}
	],
	"display": {
		"thirdperson_righthand": {
			"rotation": [9, 0, 0],
			"translation": [0, 0.25, 0],
			"scale": [0.375, 0.375, 0.375]
		},
		"thirdperson_lefthand": {
			"rotation": [9, 0, 0],
			"translation": [0, 0.25, 0],
			"scale": [0.375, 0.375, 0.375]
		},
		"firstperson_righthand": {
			"rotation": [-180, 39.5, -180],
			"translation": [1.5, 1.75, 0.5],
			"scale": [0.4, 0.4, 0.4]
		},
		"firstperson_lefthand": {
			"rotation": [-180, 39.5, -180],
			"translation": [1.5, 1.75, 0.5],
			"scale": [0.4, 0.4, 0.4]
		},
		"ground": {
			"translation": [0, 2, 0],
			"scale": [0.5, 0.5, 0.5]
		},
		"gui": {
			"rotation": [30, 225, 0],
			"translation": [0.25, -0.5, 0],
			"scale": [0.9, 0.9, 0.9]
		},
		"head": {
			"translation": [0, 6.5, 0],
			"scale": [1.6, 1.6, 1.6]
		},
		"fixed": {
			"translation": [0, 0, -2]
		}
	}
}