{
	"credit": "Made with Blockbench",
	"textures": {
		"0": "beacon/global/item/cosmetic/shoulder_pet/allay",
		"particle": "beacon/global/item/cosmetic/shoulder_pet/allay"
	},
	"elements": [
		{
			"from": [7, 8, 6.41515],
			"to": [9, 10, 8.41515],
			"rotation": {"angle": 0, "axis": "y", "origin": [0, 3, -0.58485]},
			"faces": {
				"north": {"uv": [0, 11, 3, 14], "texture": "#0"},
				"east": {"uv": [3, 11, 6, 14], "texture": "#0"},
				"south": {"uv": [6, 11, 9, 14], "texture": "#0"},
				"west": {"uv": [9, 11, 12, 14], "texture": "#0"},
				"up": {"uv": [13, 8, 10, 5], "texture": "#0"},
				"down": {"uv": [13, 8, 10, 11], "texture": "#0"}
			}
		},
		{
			"from": [7.25, 6, 6.91515],
			"to": [8.75, 8, 7.91515],
			"rotation": {"angle": 0, "axis": "x", "origin": [8, 7, 7.41515]},
			"faces": {
				"north": {"uv": [2, 8, 4, 10], "texture": "#0"},
				"east": {"uv": [4, 8, 5, 10], "texture": "#0"},
				"south": {"uv": [8, 2, 10, 4], "texture": "#0"},
				"west": {"uv": [8, 4, 9, 6], "texture": "#0"},
				"up": {"uv": [7, 9, 5, 8], "texture": "#0"},
				"down": {"uv": [10, 6, 8, 7], "texture": "#0"}
			}
		},
		{
			"from": [4.5, 6, 7.91515],
			"to": [8, 9, 7.91515],
			"rotation": {"angle": 22.5, "axis": "y", "origin": [8, 7, 7.91515]},
			"faces": {
				"north": {"uv": [0, 0, 4, 3], "texture": "#0"},
				"east": {"uv": [0, 0, 0, 3], "texture": "#0"},
				"south": {"uv": [0, 3, 4, 6], "texture": "#0"},
				"west": {"uv": [0, 0, 0, 3], "texture": "#0"},
				"up": {"uv": [4, 0, 0, 0], "texture": "#0"},
				"down": {"uv": [4, 0, 0, 0], "texture": "#0"}
			}
		},
		{
			"from": [8, 6, 7.91515],
			"to": [11.5, 9, 7.91515],
			"rotation": {"angle": -22.5, "axis": "y", "origin": [8, 7, 7.91515]},
			"faces": {
				"north": {"uv": [4, 0, 8, 3], "texture": "#0"},
				"east": {"uv": [0, 0, 0, 3], "texture": "#0"},
				"south": {"uv": [4, 3, 8, 6], "texture": "#0"},
				"west": {"uv": [0, 0, 0, 3], "texture": "#0"},
				"up": {"uv": [4, 0, 0, 0], "texture": "#0"},
				"down": {"uv": [4, 0, 0, 0], "texture": "#0"}
			}
		},
		{
			"from": [8.75, 6, 6.91515],
			"to": [9.25, 8, 7.91515],
			"rotation": {"angle": 22.5, "axis": "z", "origin": [8.75, 8, 7.41515]},
			"faces": {
				"north": {"uv": [7, 8, 8, 10], "texture": "#0"},
				"east": {"uv": [8, 7, 9, 9], "texture": "#0"},
				"south": {"uv": [9, 4, 10, 6], "texture": "#0"},
				"west": {"uv": [5, 9, 6, 11], "texture": "#0"},
				"up": {"uv": [1, 11, 0, 10], "texture": "#0"},
				"down": {"uv": [11, 0, 10, 1], "texture": "#0"}
			}
		},
		{
			"from": [6.75, 6, 6.91515],
			"to": [7.25, 8, 7.91515],
			"rotation": {"angle": -22.5, "axis": "z", "origin": [7.25, 8, 7.41515]},
			"faces": {
				"north": {"uv": [6, 9, 7, 11], "texture": "#0"},
				"east": {"uv": [9, 7, 10, 9], "texture": "#0"},
				"south": {"uv": [8, 9, 9, 11], "texture": "#0"},
				"west": {"uv": [9, 9, 10, 11], "texture": "#0"},
				"up": {"uv": [2, 11, 1, 10], "texture": "#0"},
				"down": {"uv": [11, 1, 10, 2], "texture": "#0"}
			}
		}
	],
	"display": {
		"thirdperson_righthand": {
			"rotation": [90, 0, 0],
			"translation": [3, -2.75, 15.5]
		},
		"thirdperson_lefthand": {
			"rotation": [90, 0, 0],
			"translation": [3, -2.75, 15.5]
		},
		"firstperson_righthand": {
			"rotation": [0, 130, 0],
			"translation": [0, 3.75, 0]
		},
		"firstperson_lefthand": {
			"rotation": [0, 130, 0],
			"translation": [0, 3.75, 0]
		},
		"ground": {
			"scale": [1.5, 1.5, 1.5]
		},
		"gui": {
			"rotation": [30, 130, 0],
			"scale": [2, 2, 2]
		},
		"head": {
			"translation": [0, 12.25, 0],
			"scale": [1.5, 1.5, 1.5]
		},
		"fixed": {
			"rotation": [-90, 0, 0],
			"translation": [0, 0, -13.25],
			"scale": [3, 3, 3]
		}
	},
	"groups": [
		{
			"name": "allay",
			"origin": [0, 3, -0.58485],
			"color": 0,
			"children": [
				{
					"name": "head",
					"origin": [0, 3, -0.58485],
					"color": 0,
					"children": [0]
				},
				{
					"name": "body",
					"origin": [0, 3, -0.58485],
					"color": 0,
					"children": [1, 2, 3]
				},
				{
					"name": "arms",
					"origin": [0, 3, -0.58485],
					"color": 0,
					"children": [4, 5]
				},
				{
					"name": "wings",
					"origin": [0, 3, -0.58485],
					"color": 0,
					"children": []
				}
			]
		}
	]
}