{
	"credit": "Made with Blockbench",
	"textures": {
		"0": "beacon/global/item/cosmetic/pnf_rocket/rocket",
		"1": "beacon/global/item/cosmetic/pnf_rocket/fire",
		"particle": "beacon/global/item/cosmetic/pnf_rocket/rocket"
	},
	"elements": [
		{
			"from": [0, -7, 12],
			"to": [16, 9, 21],
			"faces": {
				"north": {"uv": [0, 0, 2, 2], "texture": "#0"},
				"east": {"uv": [0, 4, 1.125, 6], "texture": "#0"},
				"south": {"uv": [0, 2, 2, 4], "texture": "#0"},
				"west": {"uv": [4, 0, 5.125, 2], "texture": "#0"},
				"up": {"uv": [3.125, 5.125, 1.125, 4], "texture": "#0"},
				"down": {"uv": [6, 2, 4, 3.125], "texture": "#0"}
			}
		},
		{
			"from": [0, -7, 4],
			"to": [4, 5, 12],
			"faces": {
				"north": {"uv": [6.125, 7.125, 6.625, 8.625], "texture": "#0"},
				"east": {"uv": [5.75, 4.625, 6.75, 6.125], "texture": "#0"},
				"south": {"uv": [1, 7.25, 1.5, 8.75], "texture": "#0"},
				"west": {"uv": [0, 6, 1, 7.5], "texture": "#0"},
				"up": {"uv": [1, 8.5, 0.5, 7.5], "texture": "#0"},
				"down": {"uv": [8.25, 5.25, 7.75, 6.25], "texture": "#0"}
			}
		},
		{
			"from": [12, -7, 4],
			"to": [16, 5, 12],
			"faces": {
				"north": {"uv": [1.5, 7.25, 2, 8.75], "texture": "#0"},
				"east": {"uv": [6, 1.125, 7, 2.625], "texture": "#0"},
				"south": {"uv": [2, 7.25, 2.5, 8.75], "texture": "#0"},
				"west": {"uv": [3.125, 6, 4.125, 7.5], "texture": "#0"},
				"up": {"uv": [8.25, 7.25, 7.75, 6.25], "texture": "#0"},
				"down": {"uv": [8.375, 2.625, 7.875, 3.625], "texture": "#0"}
			}
		},
		{
			"from": [0, -7, -5],
			"to": [16, 9, 4],
			"faces": {
				"north": {"uv": [2, 0, 4, 2], "texture": "#0"},
				"east": {"uv": [3.125, 4, 4.25, 6], "texture": "#0"},
				"south": {"uv": [2, 2, 4, 4], "texture": "#0"},
				"west": {"uv": [4.25, 3.125, 5.375, 5.125], "texture": "#0"},
				"up": {"uv": [7.125, 1.125, 5.125, 0], "texture": "#0"},
				"down": {"uv": [3.125, 5.125, 1.125, 6.25], "texture": "#0"}
			}
		},
		{
			"from": [2, -5, -9],
			"to": [14, 7, -5],
			"faces": {
				"north": {"uv": [4.25, 5.125, 5.75, 6.625], "texture": "#0"},
				"east": {"uv": [2.5, 7.25, 3, 8.75], "texture": "#0"},
				"south": {"uv": [5.375, 3.125, 6.875, 4.625], "texture": "#0"},
				"west": {"uv": [0, 7.5, 0.5, 9], "texture": "#0"},
				"up": {"uv": [8.5, 2.625, 7, 2.125], "texture": "#0"},
				"down": {"uv": [4.5, 7.625, 3, 8.125], "texture": "#0"}
			}
		},
		{
			"from": [4, -3, -14],
			"to": [12, 5, -9],
			"faces": {
				"north": {"uv": [2, 6.25, 3, 7.25], "texture": "#0"},
				"east": {"uv": [4.5, 7.625, 5.125, 8.625], "texture": "#0"},
				"south": {"uv": [4.125, 6.625, 5.125, 7.625], "texture": "#0"},
				"west": {"uv": [6.625, 7.625, 7.25, 8.625], "texture": "#0"},
				"up": {"uv": [8.25, 8.25, 7.25, 7.625], "texture": "#0"},
				"down": {"uv": [8.75, 4.625, 7.75, 5.25], "texture": "#0"}
			}
		},
		{
			"from": [4, -7, 4],
			"to": [12, -5, 12],
			"faces": {
				"north": {"uv": [7.75, 7.25, 8.75, 7.5], "texture": "#0"},
				"east": {"uv": [3, 8.125, 4, 8.375], "texture": "#0"},
				"south": {"uv": [5.125, 8.125, 6.125, 8.375], "texture": "#0"},
				"west": {"uv": [8.25, 5.25, 9.25, 5.5], "texture": "#0"},
				"up": {"uv": [6.75, 7.125, 5.75, 6.125], "texture": "#0"},
				"down": {"uv": [2, 6.25, 1, 7.25], "texture": "#0"}
			}
		},
		{
			"from": [4, -3, 21],
			"to": [12, 5, 25],
			"faces": {
				"north": {"uv": [6.75, 4.625, 7.75, 5.625], "texture": "#0"},
				"east": {"uv": [7.875, 3.625, 8.375, 4.625], "texture": "#0"},
				"south": {"uv": [6.75, 5.625, 7.75, 6.625], "texture": "#0"},
				"west": {"uv": [8, 1, 8.5, 2], "texture": "#0"},
				"up": {"uv": [9.125, 0.5, 8.125, 0], "texture": "#0"},
				"down": {"uv": [9.125, 0.5, 8.125, 1], "texture": "#0"}
			}
		},
		{
			"from": [8, -3, 25],
			"to": [8, 5, 32],
			"faces": {
				"north": {"uv": [0, 0, 0, 8], "texture": "#1"},
				"east": {"uv": [8, 0, 15, 8], "texture": "#1"},
				"south": {"uv": [0, 0, 0, 8], "texture": "#1"},
				"west": {"uv": [8, 8, 15, 16], "texture": "#1"},
				"up": {"uv": [0, 7, 0, 0], "texture": "#1"},
				"down": {"uv": [0, 0, 0, 7], "texture": "#1"}
			}
		},
		{
			"from": [4, 1, 25],
			"to": [12, 1, 32],
			"rotation": {"angle": 0, "axis": "z", "origin": [8, 1, 28.5]},
			"faces": {
				"north": {"uv": [0, 0, 8, 0], "texture": "#1"},
				"east": {"uv": [0, 0, 7, 0], "texture": "#1"},
				"south": {"uv": [0, 0, 8, 0], "texture": "#1"},
				"west": {"uv": [0, 0, 7, 0], "texture": "#1"},
				"up": {"uv": [8, 7, 0, 0], "texture": "#1"},
				"down": {"uv": [8, 7, 0, 14], "texture": "#1"}
			}
		},
		{
			"from": [8, 5, 21],
			"to": [8, 13, 29],
			"faces": {
				"north": {"uv": [0, 0, 0, 1], "texture": "#0"},
				"east": {"uv": [6.75, 6.625, 7.75, 7.625], "texture": "#0"},
				"south": {"uv": [0, 0, 0, 1], "texture": "#0"},
				"west": {"uv": [6.875, 2.625, 7.875, 3.625], "texture": "#0"},
				"up": {"uv": [0, 1, 0, 0], "texture": "#0"},
				"down": {"uv": [0, 0, 0, 1], "texture": "#0"}
			}
		},
		{
			"from": [-4, 1, 21],
			"to": [4, 1, 29],
			"rotation": {"angle": 45, "axis": "z", "origin": [8, 1, 25]},
			"faces": {
				"north": {"uv": [0, 0, 1, 0], "texture": "#0"},
				"east": {"uv": [0, 0, 1, 0], "texture": "#0"},
				"south": {"uv": [0, 0, 1, 0], "texture": "#0"},
				"west": {"uv": [0, 0, 1, 0], "texture": "#0"},
				"up": {"uv": [7.875, 4.625, 6.875, 3.625], "texture": "#0"},
				"down": {"uv": [8, 1.125, 7, 2.125], "texture": "#0"}
			}
		},
		{
			"from": [12, 1, 21],
			"to": [20, 1, 29],
			"rotation": {"angle": -45, "axis": "z", "origin": [8, 1, 25]},
			"faces": {
				"north": {"uv": [0, 0, 1, 0], "texture": "#0"},
				"east": {"uv": [0, 0, 1, 0], "texture": "#0"},
				"south": {"uv": [0, 0, 1, 0], "texture": "#0"},
				"west": {"uv": [0, 0, 1, 0], "texture": "#0"},
				"up": {"uv": [8.125, 1, 7.125, 0], "texture": "#0"},
				"down": {"uv": [6.125, 7.125, 5.125, 8.125], "texture": "#0"}
			}
		}
	],
	"display": {
		"thirdperson_righthand": {
			"rotation": [90, 0, 0],
			"translation": [-5.75, -1.75, 5.25]
		},
		"thirdperson_lefthand": {
			"rotation": [90, 0, 0],
			"translation": [-5.75, -1.75, 5.25]
		},
		"firstperson_righthand": {
			"translation": [1.75, 2.75, 1],
			"scale": [0.3, 0.3, 0.3]
		},
		"firstperson_lefthand": {
			"translation": [1.75, 2.75, 1],
			"scale": [0.3, 0.3, 0.3]
		},
		"ground": {
			"translation": [0, 13.5, 0]
		},
		"gui": {
			"rotation": [30, 130, 0],
			"translation": [0, 1.75, 0],
			"scale": [0.3, 0.3, 0.3]
		},
		"head": {
			"translation": [0, -12, 0],
			"scale": [1.5, 1.5, 1.5]
		},
		"fixed": {
			"rotation": [-90, 0, 0],
			"translation": [0, 0, -30],
			"scale": [2, 2, 2]
		}
	},
	"groups": [
		{
			"name": "body",
			"origin": [8, 8, 8],
			"color": 0,
			"children": [0, 1, 2, 3, 4, 5, 6]
		},
		{
			"name": "thruster",
			"origin": [8, 8, 8],
			"color": 0,
			"children": [
				7,
				{
					"name": "fire",
					"origin": [8, 8, 8],
					"color": 0,
					"children": [8, 9]
				},
				{
					"name": "wings",
					"origin": [8, 8, 8],
					"color": 0,
					"children": [10, 11, 12]
				}
			]
		}
	]
}