{
  "parent": "minecraft:item/generated",
  "textures": {
    "layer0": "minecraft:item/golden_horse_armor"
  },
  "overrides": [
    { "predicate": { "custom_model_data": 1 }, "model": "minecraft:item/custom/ducky_floatie"},
    { "predicate": { "custom_model_data": 2 }, "model": "minecraft:item/custom/arm_floatie"},
    { "predicate": { "custom_model_data": 3 }, "model": "minecraft:item/custom/arm_floatie_bisexual"},
    { "predicate": { "custom_model_data": 4 }, "model": "minecraft:item/custom/arm_floatie_genderqueer"},
    { "predicate": { "custom_model_data": 5 }, "model": "minecraft:item/custom/arm_floatie_intersex"},
    { "predicate": { "custom_model_data": 6 }, "model": "minecraft:item/custom/arm_floatie_lesbian"},
    { "predicate": { "custom_model_data": 7 }, "model": "minecraft:item/custom/arm_floatie_nonbinary"},
    { "predicate": { "custom_model_data": 8 }, "model": "minecraft:item/custom/arm_floatie_pansexual"},
    { "predicate": { "custom_model_data": 9 }, "model": "minecraft:item/custom/arm_floatie_trans"},
    { "predicate": { "custom_model_data": 10 }, "model": "minecraft:item/custom/snake_pet"},
    { "predicate": { "custom_model_data": 11 }, "model": "minecraft:item/custom/vr_headset"},
    { "predicate": { "custom_model_data": 12 }, "model": "minecraft:item/custom/pitchfork"},
    { "predicate": { "custom_model_data": 13 }, "model": "minecraft:item/custom/large_pitchfork"},
    { "predicate": { "custom_model_data": 14 }, "model": "minecraft:item/custom/very_large_pitchfork"}
  ]
}