{
  "parent": "minecraft:item/generated",
  "textures": {
    "layer0": "minecraft:item/leather_horse_armor"
  },
  "overrides": [
    { "predicate": { "custom_model_data": 1 }, "model": "custom:item/trash-can"},
    { "predicate": { "custom_model_data": 7 }, "model": "minecraft:item/custom/vr_controller"},
    { "predicate": { "custom_model_data": 100 }, "model": "minecraft:item/custom/top_hat"},
    { "predicate": { "custom_model_data": 101 }, "model": "minecraft:item/custom/straw_hat"},
    { "predicate": { "custom_model_data": 102 }, "model": "custom:item/cat-ears"},
    { "predicate": { "custom_model_data": 103 }, "model": "custom:item/bear-ears"},
    { "predicate": { "custom_model_data": 104 }, "model": "custom:item/bunny-ears"},
    { "predicate": { "custom_model_data": 105 }, "model": "custom:item/bear-ears-snowy"},
    { "predicate": { "custom_model_data": 106 }, "model": "minecraft:item/custom/top_hat_long"},
    { "predicate": { "custom_model_data": 202 }, "model": "minecraft:item/custom/shoulder_pet_diplodocus"},
    { "predicate": { "custom_model_data": 203 }, "model": "minecraft:item/custom/shoulder_pet_briar"},
    { "predicate": { "custom_model_data": 300 }, "model": "minecraft:item/custom/gadgets/gadget_pnf_baseball_launcher"},
    { "predicate": { "custom_model_data": 301 }, "model": "minecraft:item/custom/cosmetics/cosmetic_pnf_rocket"}
  ]
}