{
    "parent": "item/generated",
    "textures": {
        "layer0": "minecraft:item/paper"
    },
    "overrides": [
		{ "predicate": {"custom_model_data": 1}, "model": "item/gui/buttons/button_help" },
        { "predicate": {"custom_model_data": 2}, "model": "item/gui/buttons/button_settings_16" },
        { "predicate": {"custom_model_data": 3}, "model": "item/gui/buttons/button_settings_32" },
        { "predicate": {"custom_model_data": 4}, "model": "item/gui/buttons/button_particles" },
        { "predicate": {"custom_model_data": 5}, "model": "item/gui/buttons/button_particles_32" },
        { "predicate": {"custom_model_data": 6}, "model": "item/gui/buttons/button_settings_32_flat" }
	]

}