{
	"credit": "Made with Blockbench",
	"texture_size": [64, 64],
	"textures": {
		"4": "beacon/global/item/cosmetic/hat/christmas/christmas_koala_hat"
	},
	"elements": [
		{
			"from": [3, 5, 3],
			"to": [13, 9, 13],
			"rotation": {"angle": 0, "axis": "y", "origin": [4, 0, 4]},
			"faces": {
				"north": {"uv": [0, 5, 2.5, 6], "texture": "#4"},
				"east": {"uv": [0, 5, 2.5, 6], "texture": "#4"},
				"south": {"uv": [0, 5, 2.5, 6], "texture": "#4"},
				"west": {"uv": [0, 5, 2.5, 6], "texture": "#4"},
				"up": {"uv": [2.5, 2.5, 0, 0], "texture": "#4"},
				"down": {"uv": [2.5, 2.5, 0, 5], "texture": "#4"}
			}
		},
		{
			"from": [4, 7.3, 4.4],
			"to": [12, 12.3, 12.4],
			"rotation": {"angle": 22.5, "axis": "x", "origin": [8, 9.8, 8.4]},
			"faces": {
				"north": {"uv": [2.5, 5.75, 4.5, 7], "texture": "#4"},
				"east": {"uv": [4.5, 5.75, 6.5, 7], "texture": "#4"},
				"south": {"uv": [0, 6, 2, 7.25], "texture": "#4"},
				"west": {"uv": [6, 0, 8, 1.25], "texture": "#4"},
				"up": {"uv": [4.5, 2, 2.5, 0], "texture": "#4"},
				"down": {"uv": [4.5, 2, 2.5, 4], "texture": "#4"}
			}
		},
		{
			"from": [5, 9.56777, 7.16777],
			"to": [11, 14.56777, 14.16777],
			"rotation": {"angle": -22.5, "axis": "x", "origin": [8, 11.56777, 10.16777]},
			"faces": {
				"north": {"uv": [6, 3.75, 7.5, 5], "texture": "#4"},
				"east": {"uv": [6, 1.25, 7.75, 2.5], "texture": "#4"},
				"south": {"uv": [6.5, 5, 8, 6.25], "texture": "#4"},
				"west": {"uv": [6, 2.5, 7.75, 3.75], "texture": "#4"},
				"up": {"uv": [6, 1.75, 4.5, 0], "texture": "#4"},
				"down": {"uv": [6, 1.75, 4.5, 3.5], "texture": "#4"}
			}
		},
		{
			"from": [6.5, 9, 14],
			"to": [9.5, 12, 17],
			"rotation": {"angle": 0, "axis": "y", "origin": [3.5, 3, 15]},
			"faces": {
				"north": {"uv": [6.5, 7.5, 7.25, 8.25], "texture": "#4"},
				"east": {"uv": [7.25, 7.5, 8, 8.25], "texture": "#4"},
				"south": {"uv": [7.75, 1.25, 8.5, 2], "texture": "#4"},
				"west": {"uv": [7.75, 2, 8.5, 2.75], "texture": "#4"},
				"up": {"uv": [8.5, 3.5, 7.75, 2.75], "texture": "#4"},
				"down": {"uv": [8.5, 6.25, 7.75, 7], "texture": "#4"}
			}
		},
		{
			"from": [-1, 2, 7],
			"to": [4, 7, 8],
			"rotation": {"angle": 0, "axis": "y", "origin": [2, 2, 7]},
			"faces": {
				"north": {"uv": [6.5, 6.25, 7.75, 7.5], "texture": "#4"},
				"east": {"uv": [1.5, 7.25, 1.75, 8.5], "texture": "#4"},
				"south": {"uv": [2, 7, 3.25, 8.25], "texture": "#4"},
				"west": {"uv": [1.75, 7.25, 2, 8.5], "texture": "#4"},
				"up": {"uv": [5.75, 3.75, 4.5, 3.5], "texture": "#4"},
				"down": {"uv": [5.75, 3.75, 4.5, 4], "texture": "#4"}
			}
		},
		{
			"from": [-3, 0, 7.5],
			"to": [4, 7, 7.5],
			"rotation": {"angle": 0, "axis": "y", "origin": [2, 2, 7.5]},
			"faces": {
				"north": {"uv": [2.5, 4, 4.25, 5.75], "texture": "#4"},
				"east": {"uv": [0, 0, 0, 1.75], "texture": "#4"},
				"south": {"uv": [4.25, 4, 6, 5.75], "texture": "#4"},
				"west": {"uv": [0, 0, 0, 1.75], "texture": "#4"},
				"up": {"uv": [1.75, 0, 0, 0], "texture": "#4"},
				"down": {"uv": [1.75, 0, 0, 0], "texture": "#4"}
			}
		},
		{
			"from": [12, 2, 7],
			"to": [17, 7, 8],
			"rotation": {"angle": 0, "axis": "y", "origin": [14, 2, 7]},
			"faces": {
				"north": {"uv": [3.25, 7, 4.5, 8.25], "texture": "#4"},
				"east": {"uv": [5.75, 8, 6, 9.25], "texture": "#4"},
				"south": {"uv": [4.5, 7, 5.75, 8.25], "texture": "#4"},
				"west": {"uv": [6, 8, 6.25, 9.25], "texture": "#4"},
				"up": {"uv": [9, 3.75, 7.75, 3.5], "texture": "#4"},
				"down": {"uv": [9, 7, 7.75, 7.25], "texture": "#4"}
			}
		},
		{
			"from": [12, 0, 7.5],
			"to": [19, 7, 7.5],
			"rotation": {"angle": 0, "axis": "y", "origin": [14, 2, 7.5]},
			"faces": {
				"north": {"uv": [4.25, 4, 6, 5.75], "texture": "#4"},
				"east": {"uv": [0, 0, 0, 1.75], "texture": "#4"},
				"south": {"uv": [2.5, 4, 4.25, 5.75], "texture": "#4"},
				"west": {"uv": [0, 0, 0, 1.75], "texture": "#4"},
				"up": {"uv": [1.75, 0, 0, 0], "texture": "#4"},
				"down": {"uv": [1.75, 0, 0, 0], "texture": "#4"}
			}
		}
	],
	"display": {
		"ground": {
			"translation": [0, 3.75, 0],
			"scale": [0.5, 0.5, 0.5]
		},
		"gui": {
			"rotation": [30, 225, 0],
			"translation": [0, -0.75, 0],
			"scale": [0.625, 0.625, 0.625]
		},
		"head": {
			"translation": [0, 6.25, 0],
			"scale": [1.6, 1.6, 1.6]
		}
	},
	"groups": [
		{
			"name": "group",
			"origin": [7, -2, 0],
			"color": 0,
			"children": [0, 1, 2, 3]
		},
		4,
		5,
		6,
		7
	]
}