{
	"credit": "Made with Blockbench",
	"texture_size": [64, 64],
	"textures": {
		"1": "beacon/global/item/cosmetic/hat/christmas/christmas_cat_hat",
		"particle": "beacon/global/item/cosmetic/hat/christmas/christmas_cat_hat"
	},
	"elements": [
		{
			"from": [3, 5, 3],
			"to": [13, 9, 13],
			"rotation": {"angle": 0, "axis": "y", "origin": [4, 0, 4]},
			"faces": {
				"north": {"uv": [4.5, 0, 7, 1], "texture": "#1"},
				"east": {"uv": [4.5, 0, 7, 1], "texture": "#1"},
				"south": {"uv": [4.5, 0, 7, 1], "texture": "#1"},
				"west": {"uv": [4.5, 0, 7, 1], "texture": "#1"},
				"up": {"uv": [2.5, 2.5, 0, 0], "texture": "#1"},
				"down": {"uv": [2.5, 2.5, 0, 5], "texture": "#1"}
			}
		},
		{
			"from": [4, 7.3, 4.4],
			"to": [12, 12.3, 12.4],
			"rotation": {"angle": 22.5, "axis": "x", "origin": [8, 9.8, 8.4]},
			"faces": {
				"north": {"uv": [4.5, 1, 6.5, 2.25], "texture": "#1"},
				"east": {"uv": [4.5, 2.25, 6.5, 3.5], "texture": "#1"},
				"south": {"uv": [0, 5, 2, 6.25], "texture": "#1"},
				"west": {"uv": [5.5, 3.5, 7.5, 4.75], "texture": "#1"},
				"up": {"uv": [4.5, 2, 2.5, 0], "texture": "#1"},
				"down": {"uv": [4.5, 2, 2.5, 4], "texture": "#1"}
			}
		},
		{
			"from": [5, 9.56777, 7.16777],
			"to": [11, 14.56777, 14.16777],
			"rotation": {"angle": -22.5, "axis": "x", "origin": [8, 11.56777, 10.16777]},
			"faces": {
				"north": {"uv": [3.75, 5.75, 5.25, 7], "texture": "#1"},
				"east": {"uv": [5.5, 4.75, 7.25, 6], "texture": "#1"},
				"south": {"uv": [5.25, 6, 6.75, 7.25], "texture": "#1"},
				"west": {"uv": [2, 5.75, 3.75, 7], "texture": "#1"},
				"up": {"uv": [4, 5.75, 2.5, 4], "texture": "#1"},
				"down": {"uv": [5.5, 4, 4, 5.75], "texture": "#1"}
			}
		},
		{
			"from": [6.5, 9, 14],
			"to": [9.5, 12, 17],
			"rotation": {"angle": 0, "axis": "y", "origin": [3.5, 3, 15]},
			"faces": {
				"north": {"uv": [2.5, 7, 3.25, 7.75], "texture": "#1"},
				"east": {"uv": [3.25, 7, 4, 7.75], "texture": "#1"},
				"south": {"uv": [4, 7, 4.75, 7.75], "texture": "#1"},
				"west": {"uv": [7.25, 0.75, 8, 1.5], "texture": "#1"},
				"up": {"uv": [8, 2.25, 7.25, 1.5], "texture": "#1"},
				"down": {"uv": [8, 2.25, 7.25, 3], "texture": "#1"}
			}
		},
		{
			"from": [1.40076, 6.55042, 6],
			"to": [4.40076, 9.55042, 7],
			"rotation": {"angle": 22.5, "axis": "z", "origin": [2.91997, 8.53301, 6.75]},
			"faces": {
				"north": {"uv": [4.75, 7.25, 5.5, 8], "texture": "#1"},
				"east": {"uv": [6.25, 7.25, 6.5, 8], "texture": "#1"},
				"south": {"uv": [7.25, 4.75, 8, 5.5], "texture": "#1"},
				"west": {"uv": [6.5, 7.25, 6.75, 8], "texture": "#1"},
				"up": {"uv": [8.25, 7, 7.5, 6.75], "texture": "#1"},
				"down": {"uv": [8.25, 7, 7.5, 7.25], "texture": "#1"}
			}
		},
		{
			"from": [1.43918, 4.51559, 7],
			"to": [5.43918, 13.51559, 7],
			"rotation": {"angle": 22.5, "axis": "z", "origin": [2.91997, 8.53301, 6.75]},
			"faces": {
				"north": {"uv": [0, 6.25, 1, 8.5], "texture": "#1"},
				"east": {"uv": [0, 0, 0, 2.25], "texture": "#1"},
				"south": {"uv": [0, 6.25, 1, 8.5], "texture": "#1"},
				"west": {"uv": [0, 0, 0, 2.25], "texture": "#1"},
				"up": {"uv": [0.75, 0, 0, 0], "texture": "#1"},
				"down": {"uv": [0.75, 0, 0, 0], "texture": "#1"}
			}
		},
		{
			"from": [11.59924, 6.55042, 6],
			"to": [14.59924, 9.55042, 7],
			"rotation": {"angle": -22.5, "axis": "z", "origin": [13.08003, 8.53301, 6.75]},
			"faces": {
				"north": {"uv": [5.5, 7.25, 4.75, 8], "texture": "#1"},
				"east": {"uv": [6.75, 7.25, 6.5, 8], "texture": "#1"},
				"south": {"uv": [8, 4.75, 7.25, 5.5], "texture": "#1"},
				"west": {"uv": [6.5, 7.25, 6.25, 8], "texture": "#1"},
				"up": {"uv": [7.5, 7, 8.25, 6.75], "texture": "#1"},
				"down": {"uv": [7.5, 7, 8.25, 7.25], "texture": "#1"}
			}
		},
		{
			"from": [10.56082, 4.51559, 7],
			"to": [14.56082, 13.51559, 7],
			"rotation": {"angle": -22.5, "axis": "z", "origin": [13.08003, 8.53301, 6.75]},
			"faces": {
				"north": {"uv": [1, 6.25, 0, 8.5], "texture": "#1"},
				"east": {"uv": [0, 0, 0, 2.25], "texture": "#1"},
				"south": {"uv": [1, 6.25, 0, 8.5], "texture": "#1"},
				"west": {"uv": [0, 0, 0, 2.25], "texture": "#1"},
				"up": {"uv": [0, 0, 0.75, 0], "texture": "#1"},
				"down": {"uv": [0, 0, 0.75, 0], "texture": "#1"}
			}
		}
	],
	"display": {
		"ground": {
			"translation": [0, 2.25, 0],
			"scale": [0.5, 0.5, 0.5]
		},
		"gui": {
			"rotation": [30, 225, 0],
			"scale": [0.625, 0.625, 0.625]
		},
		"head": {
			"translation": [0, 6.75, 0.25],
			"scale": [1.65, 1.65, 1.65]
		}
	},
	"groups": [
		{
			"name": "group",
			"origin": [7, -2, 0],
			"color": 0,
			"children": []
		},
		{
			"name": "group",
			"origin": [7, -2, 0],
			"color": 0,
			"children": [0, 1, 2, 3]
		},
		{
			"name": "group",
			"origin": [2.91997, 8.53301, 6.75],
			"color": 0,
			"children": [4, 5]
		},
		{
			"name": "group",
			"origin": [2.91997, 8.53301, 6.75],
			"color": 0,
			"children": [6, 7]
		}
	]
}