{
	"credit": "Made with Blockbench",
	"texture_size": [64, 64],
	"textures": {
		"1": "beacon/global/item/cosmetic/hat/christmas/christmas_reindeer_hat",
		"particle": "beacon/global/item/cosmetic/hat/christmas/christmas_reindeer_hat"
	},
	"elements": [
		{
			"from": [3, 5, 3],
			"to": [13, 9, 13],
			"rotation": {"angle": 0, "axis": "y", "origin": [4, 0, 4]},
			"faces": {
				"north": {"uv": [1.5, 7, 4, 8], "texture": "#1"},
				"east": {"uv": [1.5, 7, 4, 8], "texture": "#1"},
				"south": {"uv": [1.5, 7, 4, 8], "texture": "#1"},
				"west": {"uv": [1.5, 7, 4, 8], "texture": "#1"},
				"up": {"uv": [2.5, 2.5, 0, 0], "texture": "#1"},
				"down": {"uv": [2.5, 2.5, 0, 5], "texture": "#1"}
			}
		},
		{
			"from": [4, 7.3, 4.4],
			"to": [12, 12.3, 12.4],
			"rotation": {"angle": 22.5, "axis": "x", "origin": [8, 9.8, 8.4]},
			"faces": {
				"north": {"uv": [4, 7, 6, 8.25], "texture": "#1"},
				"east": {"uv": [7.5, 6, 9.5, 7.25], "texture": "#1"},
				"south": {"uv": [7.5, 7.25, 9.5, 8.5], "texture": "#1"},
				"west": {"uv": [8, 0, 10, 1.25], "texture": "#1"},
				"up": {"uv": [2, 7, 0, 5], "texture": "#1"},
				"down": {"uv": [4, 5, 2, 7], "texture": "#1"}
			}
		},
		{
			"from": [5, 9.56777, 7.16777],
			"to": [11, 14.56777, 14.16777],
			"rotation": {"angle": -22.5, "axis": "x", "origin": [8, 11.56777, 10.16777]},
			"faces": {
				"north": {"uv": [6, 7.75, 7.5, 9], "texture": "#1"},
				"east": {"uv": [8, 1.25, 9.75, 2.5], "texture": "#1"},
				"south": {"uv": [8, 2.5, 9.5, 3.75], "texture": "#1"},
				"west": {"uv": [1.5, 8, 3.25, 9.25], "texture": "#1"},
				"up": {"uv": [7.5, 7.75, 6, 6], "texture": "#1"},
				"down": {"uv": [1.5, 7, 0, 8.75], "texture": "#1"}
			}
		},
		{
			"from": [6.5, 9, 14],
			"to": [9.5, 12, 17],
			"rotation": {"angle": 0, "axis": "y", "origin": [3.5, 3, 15]},
			"faces": {
				"north": {"uv": [9.5, 7.5, 10.25, 8.25], "texture": "#1"},
				"east": {"uv": [9, 9.5, 9.75, 10.25], "texture": "#1"},
				"south": {"uv": [9.75, 1.25, 10.5, 2], "texture": "#1"},
				"west": {"uv": [1.5, 9.75, 2.25, 10.5], "texture": "#1"},
				"up": {"uv": [3, 10.5, 2.25, 9.75], "texture": "#1"},
				"down": {"uv": [5.25, 9.75, 4.5, 10.5], "texture": "#1"}
			}
		},
		{
			"from": [-1.4, 6, 10],
			"to": [4.6, 8, 12],
			"rotation": {"angle": 45, "axis": "y", "origin": [1.5, 9, 9]},
			"faces": {
				"north": {"uv": [9, 8.5, 10.5, 9], "texture": "#1"},
				"east": {"uv": [9.75, 2, 10.25, 2.5], "texture": "#1"},
				"south": {"uv": [9, 9, 10.5, 9.5], "texture": "#1"},
				"west": {"uv": [6.75, 9.75, 7.25, 10.25], "texture": "#1"},
				"up": {"uv": [3, 9.75, 1.5, 9.25], "texture": "#1"},
				"down": {"uv": [10.75, 5, 9.25, 5.5], "texture": "#1"}
			}
		},
		{
			"from": [-3.4, 6, 11],
			"to": [3.6, 16, 11],
			"rotation": {"angle": 45, "axis": "y", "origin": [1.5, 9, 9]},
			"faces": {
				"north": {"uv": [2.5, 0, 4.25, 2.5], "texture": "#1"},
				"east": {"uv": [0, 0, 0, 2.5], "texture": "#1"},
				"south": {"uv": [2.5, 2.5, 4.25, 5], "texture": "#1"},
				"west": {"uv": [0, 0, 0, 2.5], "texture": "#1"},
				"up": {"uv": [1.75, 0, 0, 0], "texture": "#1"},
				"down": {"uv": [1.75, 0, 0, 0], "texture": "#1"}
			}
		},
		{
			"from": [-4, 5, 10],
			"to": [4, 13, 10],
			"rotation": {"angle": 0, "axis": "y", "origin": [0, 1, 3]},
			"faces": {
				"north": {"uv": [4, 5, 6, 7], "texture": "#1"},
				"east": {"uv": [0, 0, 0, 2], "texture": "#1"},
				"south": {"uv": [6, 0, 8, 2], "texture": "#1"},
				"west": {"uv": [0, 0, 0, 2], "texture": "#1"},
				"up": {"uv": [2, 0, 0, 0], "texture": "#1"},
				"down": {"uv": [2, 0, 0, 0], "texture": "#1"}
			}
		},
		{
			"from": [11.4, 6, 10],
			"to": [17.4, 8, 12],
			"rotation": {"angle": -45, "axis": "y", "origin": [14.5, 9, 9]},
			"faces": {
				"north": {"uv": [9.25, 5.5, 10.75, 6], "texture": "#1"},
				"east": {"uv": [7.25, 9.75, 7.75, 10.25], "texture": "#1"},
				"south": {"uv": [9.5, 2.5, 11, 3], "texture": "#1"},
				"west": {"uv": [7.75, 9.75, 8.25, 10.25], "texture": "#1"},
				"up": {"uv": [4.5, 10, 3, 9.5], "texture": "#1"},
				"down": {"uv": [11, 3, 9.5, 3.5], "texture": "#1"}
			}
		},
		{
			"from": [12.4, 6, 11],
			"to": [19.4, 16, 11],
			"rotation": {"angle": -45, "axis": "y", "origin": [14.5, 9, 9]},
			"faces": {
				"north": {"uv": [4.25, 0, 6, 2.5], "texture": "#1"},
				"east": {"uv": [0, 0, 0, 2.5], "texture": "#1"},
				"south": {"uv": [4.25, 2.5, 6, 5], "texture": "#1"},
				"west": {"uv": [0, 0, 0, 2.5], "texture": "#1"},
				"up": {"uv": [1.75, 0, 0, 0], "texture": "#1"},
				"down": {"uv": [1.75, 0, 0, 0], "texture": "#1"}
			}
		},
		{
			"from": [12, 5, 10],
			"to": [20, 13, 10],
			"rotation": {"angle": 0, "axis": "y", "origin": [16, 1, 3]},
			"faces": {
				"north": {"uv": [6, 2, 8, 4], "texture": "#1"},
				"east": {"uv": [0, 0, 0, 2], "texture": "#1"},
				"south": {"uv": [6, 4, 8, 6], "texture": "#1"},
				"west": {"uv": [0, 0, 0, 2], "texture": "#1"},
				"up": {"uv": [2, 0, 0, 0], "texture": "#1"},
				"down": {"uv": [2, 0, 0, 0], "texture": "#1"}
			}
		},
		{
			"from": [1, 2, 8],
			"to": [5, 5, 9],
			"rotation": {"angle": 45, "axis": "z", "origin": [2.5, 3.5, 8.75]},
			"faces": {
				"north": {"uv": [9.5, 3.5, 10.5, 4.25], "texture": "#1"},
				"east": {"uv": [7.25, 9, 7.5, 9.75], "texture": "#1"},
				"south": {"uv": [9.5, 4.25, 10.5, 5], "texture": "#1"},
				"west": {"uv": [8.75, 9.75, 9, 10.5], "texture": "#1"},
				"up": {"uv": [9, 6, 8, 5.75], "texture": "#1"},
				"down": {"uv": [10.5, 8.25, 9.5, 8.5], "texture": "#1"}
			}
		},
		{
			"from": [-1, 1, 9],
			"to": [5, 6, 9],
			"rotation": {"angle": 45, "axis": "z", "origin": [2.5, 3.5, 8.75]},
			"faces": {
				"north": {"uv": [8, 3.75, 9.5, 5], "texture": "#1"},
				"east": {"uv": [0, 0, 0, 1.25], "texture": "#1"},
				"south": {"uv": [3.25, 8.25, 4.75, 9.5], "texture": "#1"},
				"west": {"uv": [0, 0, 0, 1.25], "texture": "#1"},
				"up": {"uv": [1.5, 0, 0, 0], "texture": "#1"},
				"down": {"uv": [1.5, 0, 0, 0], "texture": "#1"}
			}
		},
		{
			"from": [11, 2, 8],
			"to": [15, 5, 9],
			"rotation": {"angle": -45, "axis": "z", "origin": [13.5, 3.5, 8.75]},
			"faces": {
				"north": {"uv": [9.5, 6, 10.5, 6.75], "texture": "#1"},
				"east": {"uv": [1, 10, 1.25, 10.75], "texture": "#1"},
				"south": {"uv": [9.5, 6.75, 10.5, 7.5], "texture": "#1"},
				"west": {"uv": [1.25, 10, 1.5, 10.75], "texture": "#1"},
				"up": {"uv": [11, 1.25, 10, 1], "texture": "#1"},
				"down": {"uv": [4, 10, 3, 10.25], "texture": "#1"}
			}
		},
		{
			"from": [11, 1, 9],
			"to": [17, 6, 9],
			"rotation": {"angle": -45, "axis": "z", "origin": [13.5, 3.5, 8.75]},
			"faces": {
				"north": {"uv": [7.5, 8.5, 9, 9.75], "texture": "#1"},
				"east": {"uv": [0, 0, 0, 1.25], "texture": "#1"},
				"south": {"uv": [0, 8.75, 1.5, 10], "texture": "#1"},
				"west": {"uv": [0, 0, 0, 1.25], "texture": "#1"},
				"up": {"uv": [1.5, 0, 0, 0], "texture": "#1"},
				"down": {"uv": [1.5, 0, 0, 0], "texture": "#1"}
			}
		}
	],
	"display": {
		"thirdperson_righthand": {
			"rotation": [75, 45, 0],
			"translation": [0, 2.5, 0],
			"scale": [0.375, 0.375, 0.375]
		},
		"thirdperson_lefthand": {
			"rotation": [75, 45, 0],
			"translation": [0, 2.5, 0],
			"scale": [0.375, 0.375, 0.375]
		},
		"firstperson_righthand": {
			"rotation": [0, 45, 0],
			"scale": [0.4, 0.4, 0.4]
		},
		"firstperson_lefthand": {
			"rotation": [0, 45, 0],
			"scale": [0.4, 0.4, 0.4]
		},
		"ground": {
			"translation": [0, 2.25, 0],
			"scale": [0.5, 0.5, 0.5]
		},
		"gui": {
			"rotation": [30, 225, 0],
			"translation": [0, -0.75, 0],
			"scale": [0.625, 0.625, 0.625]
		},
		"head": {
			"translation": [0, 6.25, 0],
			"scale": [1.62, 1.62, 1.62]
		}
	},
	"groups": [
		{
			"name": "group",
			"origin": [7, -2, 0],
			"color": 0,
			"children": [0, 1, 2, 3]
		},
		4,
		5,
		6,
		7,
		8,
		9,
		10,
		11,
		12,
		13
	]
}