{
	"credit": "Made with Blockbench",
	"texture_size": [64, 64],
	"textures": {
		"2": "beacon/global/item/cosmetic/hat/christmas/christmas_dog_hat"
	},
	"elements": [
		{
			"from": [3, 5, 3],
			"to": [13, 9, 13],
			"rotation": {"angle": 0, "axis": "y", "origin": [4, 0, 4]},
			"faces": {
				"north": {"uv": [4.5, 0, 7, 1], "texture": "#2"},
				"east": {"uv": [4.5, 0, 7, 1], "texture": "#2"},
				"south": {"uv": [4.5, 0, 7, 1], "texture": "#2"},
				"west": {"uv": [4.5, 0, 7, 1], "texture": "#2"},
				"up": {"uv": [2.5, 2.5, 0, 0], "texture": "#2"},
				"down": {"uv": [2.5, 2.5, 0, 5], "texture": "#2"}
			}
		},
		{
			"from": [4, 7.3, 4.4],
			"to": [12, 12.3, 12.4],
			"rotation": {"angle": 22.5, "axis": "x", "origin": [8, 9.8, 8.4]},
			"faces": {
				"north": {"uv": [4.5, 1, 6.5, 2.25], "texture": "#2"},
				"east": {"uv": [4.5, 2.25, 6.5, 3.5], "texture": "#2"},
				"south": {"uv": [0, 5, 2, 6.25], "texture": "#2"},
				"west": {"uv": [5.5, 3.5, 7.5, 4.75], "texture": "#2"},
				"up": {"uv": [4.5, 2, 2.5, 0], "texture": "#2"},
				"down": {"uv": [4.5, 2, 2.5, 4], "texture": "#2"}
			}
		},
		{
			"from": [5, 9.56777, 7.16777],
			"to": [11, 14.56777, 14.16777],
			"rotation": {"angle": -22.5, "axis": "x", "origin": [8, 11.56777, 10.16777]},
			"faces": {
				"north": {"uv": [3.75, 5.75, 5.25, 7], "texture": "#2"},
				"east": {"uv": [5.5, 4.75, 7.25, 6], "texture": "#2"},
				"south": {"uv": [5.25, 6, 6.75, 7.25], "texture": "#2"},
				"west": {"uv": [2, 5.75, 3.75, 7], "texture": "#2"},
				"up": {"uv": [4, 5.75, 2.5, 4], "texture": "#2"},
				"down": {"uv": [5.5, 4, 4, 5.75], "texture": "#2"}
			}
		},
		{
			"from": [6.5, 9, 14],
			"to": [9.5, 12, 17],
			"rotation": {"angle": 0, "axis": "y", "origin": [3.5, 3, 15]},
			"faces": {
				"north": {"uv": [6.75, 6.75, 7.5, 7.5], "texture": "#2"},
				"east": {"uv": [7, 0, 7.75, 0.75], "texture": "#2"},
				"south": {"uv": [2, 7, 2.75, 7.75], "texture": "#2"},
				"west": {"uv": [2.75, 7, 3.5, 7.75], "texture": "#2"},
				"up": {"uv": [4.25, 7.75, 3.5, 7], "texture": "#2"},
				"down": {"uv": [5, 7, 4.25, 7.75], "texture": "#2"}
			}
		},
		{
			"from": [1.5, 1, 6],
			"to": [2.5, 7, 10],
			"rotation": {"angle": -22.5, "axis": "z", "origin": [2, 5, 8.5]},
			"faces": {
				"north": {"uv": [5.75, 7.25, 6, 8.75], "texture": "#2"},
				"east": {"uv": [0, 6.25, 1, 7.75], "texture": "#2"},
				"south": {"uv": [6, 7.25, 6.25, 8.75], "texture": "#2"},
				"west": {"uv": [1, 6.25, 2, 7.75], "texture": "#2"},
				"up": {"uv": [6.5, 8.25, 6.25, 7.25], "texture": "#2"},
				"down": {"uv": [6.75, 7.25, 6.5, 8.25], "texture": "#2"}
			}
		},
		{
			"from": [13.5, 1, 6],
			"to": [14.5, 7, 10],
			"rotation": {"angle": 22.5, "axis": "z", "origin": [14, 5, 8.5]},
			"faces": {
				"north": {"uv": [6, 7.25, 5.75, 8.75], "texture": "#2"},
				"east": {"uv": [2, 6.25, 1, 7.75], "texture": "#2"},
				"south": {"uv": [6.25, 7.25, 6, 8.75], "texture": "#2"},
				"west": {"uv": [1, 6.25, 0, 7.75], "texture": "#2"},
				"up": {"uv": [6.25, 8.25, 6.5, 7.25], "texture": "#2"},
				"down": {"uv": [6.5, 7.25, 6.75, 8.25], "texture": "#2"}
			}
		}
	],
	"display": {
		"thirdperson_righthand": {
			"rotation": [75, 45, 0],
			"translation": [0, 2.5, 0],
			"scale": [0.375, 0.375, 0.375]
		},
		"thirdperson_lefthand": {
			"rotation": [75, 45, 0],
			"translation": [0, 2.5, 0],
			"scale": [0.375, 0.375, 0.375]
		},
		"firstperson_righthand": {
			"rotation": [0, 45, 0],
			"scale": [0.4, 0.4, 0.4]
		},
		"firstperson_lefthand": {
			"rotation": [0, 45, 0],
			"scale": [0.4, 0.4, 0.4]
		},
		"ground": {
			"translation": [0, 3.75, 0],
			"scale": [0.5, 0.5, 0.5]
		},
		"gui": {
			"rotation": [30, 225, 0],
			"translation": [0, -1, 0],
			"scale": [0.625, 0.625, 0.625]
		},
		"head": {
			"translation": [0, 6.25, 0],
			"scale": [1.6, 1.6, 1.6]
		}
	},
	"groups": [
		{
			"name": "group",
			"origin": [7, -2, 0],
			"color": 0,
			"children": [0, 1, 2, 3]
		},
		4,
		5
	]
}