{
	"credit": "Made with Blockbench",
	"texture_size": [64, 64],
	"textures": {
		"3": "beacon/global/item/cosmetic/hat/christmas/christmas_hat"
	},
	"elements": [
		{
			"from": [3, 5, 3],
			"to": [13, 9, 13],
			"rotation": {"angle": 0, "axis": "y", "origin": [4, 0, 4]},
			"faces": {
				"north": {"uv": [6.5, 1.75, 9, 2.75], "texture": "#3"},
				"east": {"uv": [6.5, 1.75, 9, 2.75], "texture": "#3"},
				"south": {"uv": [6.5, 1.75, 9, 2.75], "texture": "#3"},
				"west": {"uv": [6.5, 1.75, 9, 2.75], "texture": "#3"},
				"up": {"uv": [2.5, 2.5, 0, 0], "texture": "#3"},
				"down": {"uv": [2.5, 2.5, 0, 5], "texture": "#3"}
			}
		},
		{
			"from": [4, 7.3, 4.4],
			"to": [12, 12.3, 12.4],
			"rotation": {"angle": 22.5, "axis": "x", "origin": [8, 9.8, 8.4]},
			"faces": {
				"north": {"uv": [6.5, 2.75, 8.5, 4], "texture": "#3"},
				"east": {"uv": [6.5, 4, 8.5, 5.25], "texture": "#3"},
				"south": {"uv": [0, 7, 2, 8.25], "texture": "#3"},
				"west": {"uv": [7.5, 5.25, 9.5, 6.5], "texture": "#3"},
				"up": {"uv": [4.5, 2, 2.5, 0], "texture": "#3"},
				"down": {"uv": [4.5, 2, 2.5, 4], "texture": "#3"}
			}
		},
		{
			"from": [5, 9.56777, 7.16777],
			"to": [11, 14.56777, 14.16777],
			"rotation": {"angle": -22.5, "axis": "x", "origin": [8, 11.56777, 10.16777]},
			"faces": {
				"north": {"uv": [7.75, 7.75, 9.25, 9], "texture": "#3"},
				"east": {"uv": [7.5, 6.5, 9.25, 7.75], "texture": "#3"},
				"south": {"uv": [8, 0, 9.5, 1.25], "texture": "#3"},
				"west": {"uv": [6, 7.75, 7.75, 9], "texture": "#3"},
				"up": {"uv": [7.5, 7.75, 6, 6], "texture": "#3"},
				"down": {"uv": [8, 0, 6.5, 1.75], "texture": "#3"}
			}
		},
		{
			"from": [6.5, 9, 14],
			"to": [9.5, 12, 17],
			"rotation": {"angle": 0, "axis": "y", "origin": [3.5, 3, 15]},
			"faces": {
				"north": {"uv": [6.5, 5.25, 7.25, 6], "texture": "#3"},
				"east": {"uv": [8.5, 3.25, 9.25, 4], "texture": "#3"},
				"south": {"uv": [8.5, 4, 9.25, 4.75], "texture": "#3"},
				"west": {"uv": [1.5, 8.75, 2.25, 9.5], "texture": "#3"},
				"up": {"uv": [3, 9.5, 2.25, 8.75], "texture": "#3"},
				"down": {"uv": [0.75, 9, 0, 9.75], "texture": "#3"}
			}
		}
	],
	"display": {
		"ground": {
			"translation": [0, 3.75, 0],
			"scale": [0.5, 0.5, 0.5]
		},
		"gui": {
			"rotation": [30, 225, 0],
			"translation": [0, -0.75, 0],
			"scale": [0.625, 0.625, 0.625]
		},
		"head": {
			"translation": [0, 6.25, 0],
			"scale": [1.6, 1.6, 1.6]
		}
	},
	"groups": [
		{
			"name": "group",
			"origin": [7, -2, 0],
			"color": 0,
			"children": [0, 1, 2, 3]
		}
	]
}